id,rating
0,4.0
1,3.0
2,4.0
3,4.0
4,4.0
5,5.0
6,4.0
7,5.0
8,4.0
9,4.0
10,4.0
11,5.0
12,4.0
13,4.0
14,5.0
15,4.0
16,4.0
17,3.0
18,4.0
19,4.0
20,4.0
21,5.0
22,5.0
23,4.0
24,2.0
25,3.0
26,4.0
27,5.0
28,4.0
29,4.0
30,4.0
31,2.0
32,4.0
33,4.0
34,4.0
35,2.0
36,4.0
37,4.0
38,5.0
39,5.0
40,4.0
41,3.0
42,4.0
43,4.0
44,1.0
45,2.0
46,4.0
47,4.0
48,3.0
49,4.0
50,4.0
51,3.0
52,3.0
53,4.0
54,5.0
55,4.0
56,4.0
57,4.0
58,2.0
59,4.0
60,4.0
61,5.0
62,4.0
63,2.0
64,5.0
65,4.0
66,4.0
67,4.0
68,4.0
69,4.0
70,5.0
71,4.0
72,4.0
73,3.0
74,4.0
75,4.0
76,4.0
77,4.0
78,4.0
79,4.0
80,3.0
81,4.0
82,4.0
83,5.0
84,4.0
85,4.0
86,5.0
87,3.0
88,4.0
89,4.0
90,4.0
91,3.0
92,5.0
93,5.0
94,3.0
95,4.0
96,5.0
97,4.0
98,4.0
99,4.0
100,4.0
101,3.0
102,5.0
103,4.0
104,4.0
105,5.0
106,3.0
107,5.0
108,2.0
109,3.0
110,4.0
111,4.0
112,3.0
113,5.0
114,3.0
115,5.0
116,3.0
117,4.0
118,4.0
119,4.0
120,4.0
121,4.0
122,5.0
123,5.0
124,4.0
125,4.0
126,4.0
127,4.0
128,4.0
129,1.0
130,2.0
131,4.0
132,4.0
133,4.0
134,4.0
135,4.0
136,4.0
137,4.0
138,4.0
139,4.0
140,4.0
141,4.0
142,4.0
143,4.0
144,4.0
145,5.0
146,4.0
147,4.0
148,4.0
149,4.0
150,4.0
151,4.0
152,3.0
153,5.0
154,4.0
155,4.0
156,3.0
157,3.0
158,2.0
159,5.0
160,4.0
161,4.0
162,1.0
163,4.0
164,4.0
165,5.0
166,3.0
167,4.0
168,4.0
169,5.0
170,4.0
171,4.0
172,4.0
173,3.0
174,5.0
175,4.0
176,3.0
177,4.0
178,3.0
179,4.0
180,3.0
181,5.0
182,2.0
183,2.0
184,4.0
185,5.0
186,4.0
187,4.0
188,5.0
189,5.0
190,5.0
191,4.0
192,4.0
193,2.0
194,4.0
195,5.0
196,4.0
197,4.0
198,1.0
199,4.0
200,3.0
201,4.0
202,4.0
203,4.0
204,3.0
205,5.0
206,4.0
207,4.0
208,4.0
209,4.0
210,4.0
211,4.0
212,4.0
213,4.0
214,4.0
215,5.0
216,5.0
217,5.0
218,4.0
219,3.0
220,5.0
221,4.0
222,4.0
223,5.0
224,4.0
225,4.0
226,5.0
227,4.0
228,4.0
229,5.0
230,3.0
231,2.0
232,3.0
233,3.0
234,5.0
235,3.0
236,5.0
237,4.0
238,4.0
239,4.0
240,4.0
241,4.0
242,4.0
243,4.0
244,5.0
245,4.0
246,4.0
247,4.0
248,4.0
249,4.0
250,4.0
251,3.0
252,4.0
253,3.0
254,4.0
255,5.0
256,4.0
257,5.0
258,4.0
259,4.0
260,4.0
261,4.0
262,3.0
263,4.0
264,3.0
265,3.0
266,3.0
267,2.0
268,4.0
269,4.0
270,2.0
271,4.0
272,3.0
273,4.0
274,4.0
275,4.0
276,4.0
277,4.0
278,2.0
279,5.0
280,4.0
281,4.0
282,4.0
283,2.0
284,5.0
285,3.0
286,4.0
287,5.0
288,4.0
289,5.0
290,4.0
291,4.0
292,2.0
293,2.0
294,4.0
295,4.0
296,5.0
297,2.0
298,3.0
299,4.0
300,5.0
301,4.0
302,5.0
303,5.0
304,5.0
305,4.0
306,4.0
307,4.0
308,4.0
309,3.0
310,5.0
311,4.0
312,2.0
313,5.0
314,4.0
315,4.0
316,5.0
317,3.0
318,3.0
319,4.0
320,4.0
321,5.0
322,4.0
323,2.0
324,4.0
325,5.0
326,4.0
327,4.0
328,5.0
329,3.0
330,4.0
331,4.0
332,4.0
333,3.0
334,3.0
335,4.0
336,4.0
337,4.0
338,4.0
339,4.0
340,4.0
341,4.0
342,4.0
343,4.0
344,4.0
345,4.0
346,4.0
347,2.0
348,4.0
349,4.0
350,4.0
351,4.0
352,4.0
353,4.0
354,5.0
355,4.0
356,5.0
357,5.0
358,4.0
359,4.0
360,5.0
361,4.0
362,4.0
363,5.0
364,4.0
365,3.0
366,4.0
367,4.0
368,3.0
369,5.0
370,2.0
371,4.0
372,4.0
373,5.0
374,4.0
375,4.0
376,4.0
377,4.0
378,4.0
379,4.0
380,4.0
381,4.0
382,5.0
383,4.0
384,4.0
385,4.0
386,3.0
387,4.0
388,2.0
389,4.0
390,4.0
391,4.0
392,5.0
393,3.0
394,3.0
395,4.0
396,4.0
397,5.0
398,4.0
399,4.0
400,4.0
401,4.0
402,4.0
403,4.0
404,4.0
405,5.0
406,4.0
407,5.0
408,4.0
409,4.0
410,5.0
411,3.0
412,4.0
413,4.0
414,4.0
415,4.0
416,3.0
417,4.0
418,4.0
419,4.0
420,4.0
421,4.0
422,5.0
423,4.0
424,4.0
425,4.0
426,3.0
427,3.0
428,4.0
429,4.0
430,4.0
431,4.0
432,4.0
433,5.0
434,5.0
435,4.0
436,4.0
437,4.0
438,5.0
439,5.0
440,3.0
441,5.0
442,5.0
443,5.0
444,4.0
445,5.0
446,4.0
447,4.0
448,2.0
449,4.0
450,5.0
451,3.0
452,4.0
453,4.0
454,4.0
455,4.0
456,4.0
457,4.0
458,4.0
459,4.0
460,3.0
461,4.0
462,5.0
463,5.0
464,3.0
465,4.0
466,5.0
467,5.0
468,4.0
469,5.0
470,4.0
471,3.0
472,4.0
473,5.0
474,2.0
475,4.0
476,4.0
477,4.0
478,4.0
479,5.0
480,4.0
481,4.0
482,5.0
483,5.0
484,5.0
485,4.0
486,4.0
487,4.0
488,2.0
489,3.0
490,4.0
491,3.0
492,4.0
493,4.0
494,4.0
495,4.0
496,4.0
497,4.0
498,4.0
499,4.0
500,4.0
501,4.0
502,4.0
503,4.0
504,1.0
505,4.0
506,5.0
507,4.0
508,5.0
509,4.0
510,4.0
511,5.0
512,4.0
513,4.0
514,4.0
515,5.0
516,4.0
517,4.0
518,4.0
519,4.0
520,5.0
521,4.0
522,3.0
523,5.0
524,4.0
525,4.0
526,4.0
527,3.0
528,4.0
529,4.0
530,2.0
531,3.0
532,5.0
533,4.0
534,3.0
535,4.0
536,5.0
537,4.0
538,4.0
539,5.0
540,4.0
541,2.0
542,2.0
543,3.0
544,4.0
545,4.0
546,4.0
547,5.0
548,4.0
549,4.0
550,5.0
551,4.0
552,5.0
553,3.0
554,4.0
555,4.0
556,4.0
557,5.0
558,5.0
559,4.0
560,2.0
561,4.0
562,2.0
563,2.0
564,4.0
565,2.0
566,3.0
567,4.0
568,5.0
569,4.0
570,4.0
571,4.0
572,3.0
573,5.0
574,5.0
575,5.0
576,4.0
577,4.0
578,4.0
579,4.0
580,2.0
581,5.0
582,4.0
583,5.0
584,4.0
585,4.0
586,5.0
587,4.0
588,4.0
589,3.0
590,4.0
591,2.0
592,2.0
593,4.0
594,4.0
595,4.0
596,4.0
597,4.0
598,4.0
599,4.0
600,4.0
601,4.0
602,4.0
603,4.0
604,4.0
605,5.0
606,4.0
607,4.0
608,4.0
609,4.0
610,4.0
611,4.0
612,4.0
613,4.0
614,4.0
615,4.0
616,4.0
617,4.0
618,4.0
619,2.0
620,4.0
621,4.0
622,4.0
623,4.0
624,4.0
625,3.0
626,4.0
627,5.0
628,4.0
629,2.0
630,2.0
631,4.0
632,4.0
633,4.0
634,4.0
635,4.0
636,4.0
637,4.0
638,4.0
639,4.0
640,4.0
641,2.0
642,4.0
643,5.0
644,3.0
645,5.0
646,4.0
647,4.0
648,4.0
649,4.0
650,5.0
651,4.0
652,4.0
653,4.0
654,5.0
655,2.0
656,5.0
657,4.0
658,3.0
659,4.0
660,4.0
661,4.0
662,4.0
663,4.0
664,4.0
665,5.0
666,4.0
667,5.0
668,5.0
669,4.0
670,4.0
671,2.0
672,4.0
673,4.0
674,3.0
675,3.0
676,4.0
677,4.0
678,5.0
679,4.0
680,4.0
681,4.0
682,4.0
683,2.0
684,5.0
685,4.0
686,3.0
687,4.0
688,3.0
689,4.0
690,3.0
691,5.0
692,4.0
693,4.0
694,4.0
695,4.0
696,5.0
697,3.0
698,4.0
699,4.0
700,3.0
701,5.0
702,4.0
703,4.0
704,4.0
705,4.0
706,4.0
707,4.0
708,5.0
709,4.0
710,4.0
711,4.0
712,5.0
713,5.0
714,4.0
715,4.0
716,3.0
717,4.0
718,5.0
719,2.0
720,4.0
721,4.0
722,4.0
723,4.0
724,2.0
725,2.0
726,4.0
727,5.0
728,5.0
729,4.0
730,4.0
731,3.0
732,2.0
733,4.0
734,4.0
735,4.0
736,4.0
737,5.0
738,4.0
739,2.0
740,5.0
741,4.0
742,4.0
743,4.0
744,4.0
745,4.0
746,4.0
747,4.0
748,3.0
749,4.0
750,5.0
751,4.0
752,4.0
753,5.0
754,4.0
755,4.0
756,3.0
757,3.0
758,2.0
759,4.0
760,4.0
761,5.0
762,4.0
763,4.0
764,4.0
765,4.0
766,3.0
767,4.0
768,5.0
769,4.0
770,4.0
771,4.0
772,4.0
773,4.0
774,4.0
775,5.0
776,3.0
777,4.0
778,4.0
779,3.0
780,5.0
781,3.0
782,4.0
783,4.0
784,3.0
785,4.0
786,5.0
787,4.0
788,4.0
789,4.0
790,4.0
791,4.0
792,4.0
793,3.0
794,5.0
795,3.0
796,4.0
797,4.0
798,2.0
799,4.0
800,3.0
801,4.0
802,4.0
803,5.0
804,2.0
805,4.0
806,5.0
807,4.0
808,4.0
809,4.0
810,5.0
811,4.0
812,4.0
813,4.0
814,4.0
815,4.0
816,5.0
817,4.0
818,3.0
819,5.0
820,4.0
821,4.0
822,4.0
823,4.0
824,4.0
825,5.0
826,5.0
827,5.0
828,4.0
829,3.0
830,3.0
831,4.0
832,4.0
833,4.0
834,4.0
835,2.0
836,4.0
837,3.0
838,5.0
839,3.0
840,4.0
841,4.0
842,5.0
843,5.0
844,3.0
845,4.0
846,5.0
847,5.0
848,3.0
849,3.0
850,3.0
851,4.0
852,2.0
853,3.0
854,3.0
855,2.0
856,4.0
857,4.0
858,4.0
859,4.0
860,4.0
861,4.0
862,4.0
863,4.0
864,4.0
865,4.0
866,3.0
867,2.0
868,4.0
869,4.0
870,4.0
871,2.0
872,4.0
873,5.0
874,4.0
875,5.0
876,2.0
877,5.0
878,5.0
879,5.0
880,5.0
881,5.0
882,2.0
883,4.0
884,4.0
885,5.0
886,5.0
887,4.0
888,5.0
889,4.0
890,5.0
891,5.0
892,5.0
893,4.0
894,4.0
895,1.0
896,4.0
897,5.0
898,4.0
899,4.0
900,4.0
901,2.0
902,5.0
903,3.0
904,4.0
905,4.0
906,4.0
907,4.0
908,4.0
909,4.0
910,3.0
911,2.0
912,4.0
913,4.0
914,4.0
915,5.0
916,2.0
917,4.0
918,4.0
919,4.0
920,4.0
921,4.0
922,4.0
923,4.0
924,4.0
925,3.0
926,4.0
927,4.0
928,2.0
929,4.0
930,4.0
931,4.0
932,5.0
933,5.0
934,5.0
935,4.0
936,4.0
937,3.0
938,3.0
939,4.0
940,5.0
941,1.0
942,4.0
943,4.0
944,3.0
945,3.0
946,4.0
947,4.0
948,5.0
949,5.0
950,4.0
951,3.0
952,4.0
953,4.0
954,4.0
955,4.0
956,4.0
957,4.0
958,4.0
959,3.0
960,5.0
961,4.0
962,4.0
963,4.0
964,4.0
965,4.0
966,3.0
967,3.0
968,5.0
969,5.0
970,4.0
971,3.0
972,2.0
973,4.0
974,2.0
975,4.0
976,5.0
977,3.0
978,4.0
979,4.0
980,5.0
981,4.0
982,5.0
983,3.0
984,4.0
985,4.0
986,5.0
987,4.0
988,3.0
989,4.0
990,3.0
991,4.0
992,4.0
993,4.0
994,3.0
995,4.0
996,5.0
997,4.0
998,5.0
999,4.0
1000,3.0
1001,4.0
1002,4.0
1003,4.0
1004,3.0
1005,3.0
1006,5.0
1007,5.0
1008,4.0
1009,3.0
1010,5.0
1011,4.0
1012,5.0
1013,4.0
1014,2.0
1015,4.0
1016,4.0
1017,3.0
1018,4.0
1019,4.0
1020,5.0
1021,4.0
1022,3.0
1023,4.0
1024,5.0
1025,4.0
1026,4.0
1027,3.0
1028,2.0
1029,3.0
1030,4.0
1031,4.0
1032,2.0
1033,3.0
1034,4.0
1035,5.0
1036,4.0
1037,4.0
1038,4.0
1039,3.0
1040,4.0
1041,4.0
1042,4.0
1043,5.0
1044,4.0
1045,4.0
1046,5.0
1047,4.0
1048,4.0
1049,4.0
1050,4.0
1051,5.0
1052,4.0
1053,5.0
1054,4.0
1055,3.0
1056,3.0
1057,3.0
1058,4.0
1059,5.0
1060,4.0
1061,1.0
1062,5.0
1063,4.0
1064,4.0
1065,5.0
1066,4.0
1067,4.0
1068,4.0
1069,4.0
1070,4.0
1071,4.0
1072,4.0
1073,5.0
1074,4.0
1075,2.0
1076,4.0
1077,4.0
1078,4.0
1079,3.0
1080,5.0
1081,4.0
1082,4.0
1083,4.0
1084,5.0
1085,4.0
1086,4.0
1087,5.0
1088,4.0
1089,4.0
1090,4.0
1091,5.0
1092,4.0
1093,4.0
1094,3.0
1095,4.0
1096,4.0
1097,2.0
1098,4.0
1099,4.0
1100,4.0
1101,4.0
1102,4.0
1103,4.0
1104,3.0
1105,4.0
1106,3.0
1107,3.0
1108,4.0
1109,4.0
1110,4.0
1111,4.0
1112,3.0
1113,4.0
1114,4.0
1115,4.0
1116,4.0
1117,3.0
1118,4.0
1119,4.0
1120,4.0
1121,2.0
1122,5.0
1123,3.0
1124,4.0
1125,4.0
1126,2.0
1127,5.0
1128,5.0
1129,4.0
1130,4.0
1131,3.0
1132,2.0
1133,5.0
1134,4.0
1135,4.0
1136,4.0
1137,4.0
1138,4.0
1139,4.0
1140,4.0
1141,5.0
1142,5.0
1143,4.0
1144,4.0
1145,3.0
1146,3.0
1147,5.0
1148,3.0
1149,4.0
1150,4.0
1151,4.0
1152,5.0
1153,4.0
1154,4.0
1155,4.0
1156,4.0
1157,4.0
1158,4.0
1159,4.0
1160,4.0
1161,4.0
1162,4.0
1163,5.0
1164,2.0
1165,5.0
1166,4.0
1167,4.0
1168,4.0
1169,4.0
1170,4.0
1171,3.0
1172,4.0
1173,2.0
1174,4.0
1175,3.0
1176,4.0
1177,3.0
1178,4.0
1179,4.0
1180,5.0
1181,3.0
1182,4.0
1183,4.0
1184,4.0
1185,4.0
1186,5.0
1187,4.0
1188,4.0
1189,4.0
1190,4.0
1191,4.0
1192,4.0
1193,4.0
1194,2.0
1195,4.0
1196,5.0
1197,4.0
1198,5.0
1199,2.0
1200,4.0
1201,4.0
1202,4.0
1203,4.0
1204,2.0
1205,4.0
1206,4.0
1207,2.0
1208,3.0
1209,4.0
1210,4.0
1211,4.0
1212,4.0
1213,2.0
1214,4.0
1215,4.0
1216,4.0
1217,5.0
1218,4.0
1219,4.0
1220,1.0
1221,4.0
1222,4.0
1223,4.0
1224,5.0
1225,2.0
1226,2.0
1227,4.0
1228,3.0
1229,4.0
1230,2.0
1231,4.0
1232,3.0
1233,4.0
1234,4.0
1235,4.0
1236,4.0
1237,4.0
1238,4.0
1239,5.0
1240,5.0
1241,2.0
1242,4.0
1243,2.0
1244,2.0
1245,3.0
1246,4.0
1247,4.0
1248,4.0
1249,4.0
1250,5.0
1251,4.0
1252,1.0
1253,4.0
1254,4.0
1255,4.0
1256,4.0
1257,4.0
1258,4.0
1259,4.0
1260,4.0
1261,3.0
1262,4.0
1263,4.0
1264,4.0
1265,5.0
1266,4.0
1267,4.0
1268,4.0
1269,5.0
1270,3.0
1271,4.0
1272,2.0
1273,2.0
1274,3.0
1275,4.0
1276,3.0
1277,4.0
1278,4.0
1279,5.0
1280,4.0
1281,4.0
1282,4.0
1283,4.0
1284,4.0
1285,4.0
1286,4.0
1287,4.0
1288,5.0
1289,4.0
1290,4.0
1291,4.0
1292,4.0
1293,4.0
1294,3.0
1295,2.0
1296,4.0
1297,4.0
1298,4.0
1299,4.0
1300,4.0
1301,4.0
1302,4.0
1303,4.0
1304,4.0
1305,4.0
1306,4.0
1307,2.0
1308,4.0
1309,4.0
1310,2.0
1311,4.0
1312,5.0
1313,4.0
1314,4.0
1315,4.0
1316,4.0
1317,4.0
1318,4.0
1319,2.0
1320,4.0
1321,4.0
1322,3.0
1323,4.0
1324,5.0
1325,4.0
1326,4.0
1327,4.0
1328,4.0
1329,3.0
1330,4.0
1331,4.0
1332,4.0
1333,5.0
1334,5.0
1335,5.0
1336,5.0
1337,4.0
1338,4.0
1339,5.0
1340,4.0
1341,4.0
1342,3.0
1343,4.0
1344,3.0
1345,4.0
1346,2.0
1347,5.0
1348,3.0
1349,4.0
1350,4.0
1351,4.0
1352,4.0
1353,4.0
1354,3.0
1355,5.0
1356,4.0
1357,5.0
1358,4.0
1359,2.0
1360,3.0
1361,4.0
1362,5.0
1363,5.0
1364,4.0
1365,4.0
1366,5.0
1367,5.0
1368,5.0
1369,4.0
1370,4.0
1371,4.0
1372,5.0
1373,4.0
1374,4.0
1375,3.0
1376,4.0
1377,4.0
1378,2.0
1379,4.0
1380,4.0
1381,4.0
1382,4.0
1383,4.0
1384,4.0
1385,5.0
1386,5.0
1387,3.0
1388,3.0
1389,5.0
1390,4.0
1391,5.0
1392,4.0
1393,4.0
1394,5.0
1395,5.0
1396,4.0
1397,5.0
1398,4.0
1399,4.0
1400,3.0
1401,4.0
1402,4.0
1403,5.0
1404,4.0
1405,4.0
1406,3.0
1407,4.0
1408,4.0
1409,5.0
1410,5.0
1411,5.0
1412,5.0
1413,5.0
1414,2.0
1415,4.0
1416,4.0
1417,4.0
1418,4.0
1419,3.0
1420,4.0
1421,4.0
1422,4.0
1423,5.0
1424,5.0
1425,4.0
1426,4.0
1427,4.0
1428,3.0
1429,4.0
1430,4.0
1431,4.0
1432,4.0
1433,5.0
1434,4.0
1435,1.0
1436,4.0
1437,3.0
1438,4.0
1439,3.0
1440,4.0
1441,4.0
1442,5.0
1443,4.0
1444,4.0
1445,4.0
1446,4.0
1447,5.0
1448,4.0
1449,3.0
1450,5.0
1451,3.0
1452,3.0
1453,4.0
1454,2.0
1455,4.0
1456,4.0
1457,3.0
1458,3.0
1459,4.0
1460,4.0
1461,4.0
1462,4.0
1463,4.0
1464,4.0
1465,3.0
1466,5.0
1467,4.0
1468,4.0
1469,4.0
1470,4.0
1471,4.0
1472,4.0
1473,5.0
1474,5.0
1475,4.0
1476,4.0
1477,4.0
1478,5.0
1479,4.0
1480,3.0
1481,3.0
1482,4.0
1483,4.0
1484,4.0
1485,5.0
1486,5.0
1487,4.0
1488,5.0
1489,4.0
1490,4.0
1491,4.0
1492,4.0
1493,4.0
1494,5.0
1495,4.0
1496,4.0
1497,4.0
1498,4.0
1499,4.0
1500,4.0
1501,4.0
1502,4.0
1503,3.0
1504,4.0
1505,4.0
1506,4.0
1507,5.0
1508,3.0
1509,4.0
1510,2.0
1511,4.0
1512,4.0
1513,4.0
1514,4.0
1515,4.0
1516,5.0
1517,4.0
1518,5.0
1519,2.0
1520,4.0
1521,4.0
1522,5.0
1523,5.0
1524,3.0
1525,3.0
1526,5.0
1527,2.0
1528,4.0
1529,4.0
1530,3.0
1531,4.0
1532,1.0
1533,4.0
1534,3.0
1535,5.0
1536,4.0
1537,2.0
1538,4.0
1539,4.0
1540,4.0
1541,4.0
1542,4.0
1543,5.0
1544,4.0
1545,4.0
1546,5.0
1547,4.0
1548,4.0
1549,4.0
1550,4.0
1551,4.0
1552,4.0
1553,4.0
1554,4.0
1555,2.0
1556,4.0
1557,4.0
1558,4.0
1559,4.0
1560,4.0
1561,4.0
1562,4.0
1563,4.0
1564,5.0
1565,4.0
1566,4.0
1567,4.0
1568,4.0
1569,4.0
1570,4.0
1571,4.0
1572,4.0
1573,4.0
1574,4.0
1575,4.0
1576,4.0
1577,4.0
1578,4.0
1579,4.0
1580,4.0
1581,4.0
1582,4.0
1583,4.0
1584,4.0
1585,5.0
1586,4.0
1587,5.0
1588,4.0
1589,5.0
1590,4.0
1591,2.0
1592,4.0
1593,3.0
1594,4.0
1595,3.0
1596,4.0
1597,4.0
1598,5.0
1599,4.0
1600,3.0
1601,4.0
1602,4.0
1603,3.0
1604,3.0
1605,3.0
1606,4.0
1607,3.0
1608,3.0
1609,4.0
1610,4.0
1611,4.0
1612,4.0
1613,4.0
1614,5.0
1615,4.0
1616,4.0
1617,4.0
1618,5.0
1619,5.0
1620,5.0
1621,2.0
1622,3.0
1623,5.0
1624,4.0
1625,5.0
1626,4.0
1627,4.0
1628,4.0
1629,4.0
1630,3.0
1631,4.0
1632,3.0
1633,4.0
1634,5.0
1635,3.0
1636,4.0
1637,5.0
1638,4.0
1639,4.0
1640,4.0
1641,2.0
1642,4.0
1643,5.0
1644,4.0
1645,4.0
1646,3.0
1647,4.0
1648,2.0
1649,4.0
1650,5.0
1651,3.0
1652,4.0
1653,4.0
1654,4.0
1655,5.0
1656,4.0
1657,4.0
1658,4.0
1659,3.0
1660,2.0
1661,2.0
1662,4.0
1663,3.0
1664,4.0
1665,4.0
1666,4.0
1667,4.0
1668,5.0
1669,5.0
1670,4.0
1671,2.0
1672,4.0
1673,2.0
1674,4.0
1675,4.0
1676,4.0
1677,5.0
1678,4.0
1679,2.0
1680,4.0
1681,4.0
1682,4.0
1683,4.0
1684,4.0
1685,4.0
1686,2.0
1687,4.0
1688,5.0
1689,4.0
1690,4.0
1691,2.0
1692,3.0
1693,5.0
1694,3.0
1695,5.0
1696,4.0
1697,5.0
1698,3.0
1699,4.0
1700,5.0
1701,5.0
1702,2.0
1703,4.0
1704,4.0
1705,5.0
1706,4.0
1707,4.0
1708,2.0
1709,4.0
1710,5.0
1711,4.0
1712,4.0
1713,5.0
1714,4.0
1715,4.0
1716,4.0
1717,4.0
1718,5.0
1719,4.0
1720,5.0
1721,3.0
1722,2.0
1723,4.0
1724,4.0
1725,4.0
1726,4.0
1727,4.0
1728,4.0
1729,2.0
1730,4.0
1731,4.0
1732,3.0
1733,3.0
1734,5.0
1735,4.0
1736,4.0
1737,4.0
1738,4.0
1739,3.0
1740,2.0
1741,4.0
1742,4.0
1743,4.0
1744,2.0
1745,4.0
1746,5.0
1747,4.0
1748,5.0
1749,5.0
1750,2.0
1751,4.0
1752,4.0
1753,3.0
1754,4.0
1755,5.0
1756,5.0
1757,4.0
1758,4.0
1759,3.0
1760,5.0
1761,4.0
1762,4.0
1763,4.0
1764,4.0
1765,3.0
1766,3.0
1767,4.0
1768,4.0
1769,5.0
1770,4.0
1771,4.0
1772,5.0
1773,2.0
1774,3.0
1775,4.0
1776,4.0
1777,4.0
1778,4.0
1779,2.0
1780,1.0
1781,4.0
1782,4.0
1783,2.0
1784,4.0
1785,4.0
1786,4.0
1787,5.0
1788,4.0
1789,5.0
1790,4.0
1791,4.0
1792,4.0
1793,5.0
1794,4.0
1795,4.0
1796,5.0
1797,4.0
1798,4.0
1799,4.0
1800,4.0
1801,4.0
1802,4.0
1803,4.0
1804,3.0
1805,3.0
1806,4.0
1807,4.0
1808,3.0
1809,5.0
1810,5.0
1811,4.0
1812,3.0
1813,5.0
1814,4.0
1815,4.0
1816,2.0
1817,4.0
1818,4.0
1819,4.0
1820,4.0
1821,3.0
1822,2.0
1823,4.0
1824,4.0
1825,5.0
1826,5.0
1827,4.0
1828,4.0
1829,4.0
1830,4.0
1831,5.0
1832,5.0
1833,4.0
1834,4.0
1835,4.0
1836,4.0
1837,2.0
1838,4.0
1839,4.0
1840,4.0
1841,3.0
1842,4.0
1843,4.0
1844,4.0
1845,5.0
1846,3.0
1847,4.0
1848,5.0
1849,3.0
1850,4.0
1851,4.0
1852,4.0
1853,4.0
1854,4.0
1855,4.0
1856,4.0
1857,5.0
1858,4.0
1859,4.0
1860,3.0
1861,5.0
1862,2.0
1863,4.0
1864,5.0
1865,5.0
1866,4.0
1867,4.0
1868,4.0
1869,4.0
1870,3.0
1871,4.0
1872,5.0
1873,4.0
1874,5.0
1875,4.0
1876,4.0
1877,5.0
1878,4.0
1879,4.0
1880,3.0
1881,3.0
1882,4.0
1883,4.0
1884,5.0
1885,4.0
1886,4.0
1887,4.0
1888,2.0
1889,4.0
1890,4.0
1891,4.0
1892,5.0
1893,4.0
1894,4.0
1895,4.0
1896,4.0
1897,4.0
1898,4.0
1899,2.0
1900,4.0
1901,4.0
1902,4.0
1903,4.0
1904,4.0
1905,4.0
1906,3.0
1907,4.0
1908,4.0
1909,2.0
1910,5.0
1911,3.0
1912,4.0
1913,4.0
1914,5.0
1915,2.0
1916,2.0
1917,2.0
1918,5.0
1919,5.0
1920,5.0
1921,4.0
1922,4.0
1923,4.0
1924,4.0
1925,4.0
1926,4.0
1927,4.0
1928,5.0
1929,5.0
1930,4.0
1931,4.0
1932,3.0
1933,4.0
1934,4.0
1935,4.0
1936,3.0
1937,5.0
1938,4.0
1939,4.0
1940,5.0
1941,3.0
1942,5.0
1943,4.0
1944,4.0
1945,4.0
1946,5.0
1947,4.0
1948,5.0
1949,4.0
1950,4.0
1951,5.0
1952,4.0
1953,4.0
1954,4.0
1955,4.0
1956,5.0
1957,4.0
1958,4.0
1959,4.0
1960,4.0
1961,4.0
1962,4.0
1963,4.0
1964,4.0
1965,3.0
1966,4.0
1967,2.0
1968,4.0
1969,4.0
1970,4.0
1971,2.0
1972,2.0
1973,4.0
1974,4.0
1975,2.0
1976,4.0
1977,3.0
1978,4.0
1979,4.0
1980,4.0
1981,4.0
1982,2.0
1983,4.0
1984,4.0
1985,5.0
1986,4.0
1987,4.0
1988,4.0
1989,4.0
1990,5.0
1991,5.0
1992,4.0
1993,3.0
1994,2.0
1995,5.0
1996,4.0
1997,5.0
1998,3.0
1999,4.0
2000,3.0
2001,4.0
2002,4.0
2003,4.0
2004,4.0
2005,4.0
2006,5.0
2007,5.0
2008,3.0
2009,4.0
2010,4.0
2011,4.0
2012,4.0
2013,4.0
2014,4.0
2015,5.0
2016,4.0
2017,4.0
2018,4.0
2019,5.0
2020,3.0
2021,2.0
2022,4.0
2023,4.0
2024,4.0
2025,4.0
2026,3.0
2027,3.0
2028,5.0
2029,3.0
2030,4.0
2031,4.0
2032,4.0
2033,4.0
2034,4.0
2035,5.0
2036,4.0
2037,4.0
2038,5.0
2039,4.0
2040,3.0
2041,4.0
2042,5.0
2043,3.0
2044,5.0
2045,4.0
2046,4.0
2047,4.0
2048,2.0
2049,4.0
2050,4.0
2051,4.0
2052,4.0
2053,4.0
2054,4.0
2055,2.0
2056,2.0
2057,4.0
2058,4.0
2059,4.0
2060,4.0
2061,5.0
2062,4.0
2063,3.0
2064,4.0
2065,4.0
2066,4.0
2067,4.0
2068,4.0
2069,3.0
2070,4.0
2071,3.0
2072,4.0
2073,4.0
2074,4.0
2075,4.0
2076,4.0
2077,3.0
2078,4.0
2079,4.0
2080,3.0
2081,5.0
2082,4.0
2083,4.0
2084,4.0
2085,4.0
2086,4.0
2087,4.0
2088,3.0
2089,4.0
2090,4.0
2091,4.0
2092,4.0
2093,5.0
2094,3.0
2095,4.0
2096,4.0
2097,1.0
2098,5.0
2099,5.0
2100,1.0
2101,4.0
2102,4.0
2103,4.0
2104,5.0
2105,5.0
2106,4.0
2107,4.0
2108,4.0
2109,4.0
2110,3.0
2111,3.0
2112,1.0
2113,4.0
2114,5.0
2115,4.0
2116,4.0
2117,4.0
2118,4.0
2119,4.0
2120,2.0
2121,5.0
2122,5.0
2123,4.0
2124,4.0
2125,4.0
2126,4.0
2127,2.0
2128,4.0
2129,4.0
2130,4.0
2131,4.0
2132,4.0
2133,5.0
2134,4.0
2135,5.0
2136,4.0
2137,5.0
2138,4.0
2139,3.0
2140,4.0
2141,5.0
2142,4.0
2143,4.0
2144,4.0
2145,4.0
2146,4.0
2147,4.0
2148,2.0
2149,3.0
2150,4.0
2151,2.0
2152,3.0
2153,4.0
2154,4.0
2155,4.0
2156,4.0
2157,5.0
2158,4.0
2159,4.0
2160,2.0
2161,4.0
2162,4.0
2163,4.0
2164,4.0
2165,4.0
2166,4.0
2167,3.0
2168,4.0
2169,4.0
2170,4.0
2171,4.0
2172,4.0
2173,3.0
2174,4.0
2175,4.0
2176,4.0
2177,3.0
2178,4.0
2179,4.0
2180,4.0
2181,3.0
2182,5.0
2183,5.0
2184,4.0
2185,2.0
2186,4.0
2187,5.0
2188,5.0
2189,4.0
2190,5.0
2191,3.0
2192,5.0
2193,4.0
2194,3.0
2195,4.0
2196,4.0
2197,5.0
2198,2.0
2199,4.0
2200,3.0
2201,4.0
2202,4.0
2203,4.0
2204,3.0
2205,4.0
2206,5.0
2207,4.0
2208,4.0
2209,5.0
2210,4.0
2211,3.0
2212,4.0
2213,4.0
2214,4.0
2215,3.0
2216,5.0
2217,2.0
2218,5.0
2219,5.0
2220,4.0
2221,3.0
2222,4.0
2223,4.0
2224,4.0
2225,4.0
2226,4.0
2227,4.0
2228,3.0
2229,4.0
2230,4.0
2231,4.0
2232,4.0
2233,4.0
2234,5.0
2235,4.0
2236,4.0
2237,5.0
2238,5.0
2239,4.0
2240,4.0
2241,4.0
2242,2.0
2243,4.0
2244,4.0
2245,4.0
2246,5.0
2247,4.0
2248,4.0
2249,4.0
2250,4.0
2251,4.0
2252,4.0
2253,5.0
2254,5.0
2255,5.0
2256,4.0
2257,4.0
2258,4.0
2259,5.0
2260,4.0
2261,5.0
2262,4.0
2263,4.0
2264,4.0
2265,3.0
2266,4.0
2267,5.0
2268,2.0
2269,5.0
2270,5.0
2271,4.0
2272,4.0
2273,4.0
2274,4.0
2275,5.0
2276,4.0
2277,4.0
2278,5.0
2279,3.0
2280,4.0
2281,4.0
2282,5.0
2283,4.0
2284,5.0
2285,4.0
2286,4.0
2287,4.0
2288,4.0
2289,4.0
2290,4.0
2291,4.0
2292,4.0
2293,4.0
2294,4.0
2295,3.0
2296,4.0
2297,4.0
2298,4.0
2299,4.0
2300,4.0
2301,5.0
2302,4.0
2303,4.0
2304,4.0
2305,5.0
2306,4.0
2307,4.0
2308,5.0
2309,2.0
2310,4.0
2311,3.0
2312,3.0
2313,5.0
2314,4.0
2315,4.0
2316,4.0
2317,3.0
2318,5.0
2319,4.0
2320,4.0
2321,4.0
2322,3.0
2323,3.0
2324,4.0
2325,5.0
2326,5.0
2327,4.0
2328,2.0
2329,4.0
2330,4.0
2331,4.0
2332,4.0
2333,4.0
2334,4.0
2335,4.0
2336,3.0
2337,4.0
2338,4.0
2339,4.0
2340,4.0
2341,4.0
2342,4.0
2343,4.0
2344,4.0
2345,4.0
2346,4.0
2347,5.0
2348,3.0
2349,4.0
2350,4.0
2351,5.0
2352,4.0
2353,4.0
2354,5.0
2355,4.0
2356,3.0
2357,5.0
2358,5.0
2359,4.0
2360,4.0
2361,3.0
2362,4.0
2363,4.0
2364,3.0
2365,3.0
2366,4.0
2367,4.0
2368,4.0
2369,4.0
2370,4.0
2371,5.0
2372,4.0
2373,4.0
2374,5.0
2375,4.0
2376,4.0
2377,3.0
2378,4.0
2379,4.0
2380,4.0
2381,4.0
2382,4.0
2383,4.0
2384,4.0
2385,4.0
2386,3.0
2387,3.0
2388,2.0
2389,4.0
2390,4.0
2391,4.0
2392,4.0
2393,4.0
2394,4.0
2395,4.0
2396,4.0
2397,3.0
2398,5.0
2399,4.0
2400,5.0
2401,3.0
2402,4.0
2403,4.0
2404,4.0
2405,4.0
2406,4.0
2407,4.0
2408,4.0
2409,5.0
2410,4.0
2411,4.0
2412,4.0
2413,5.0
2414,4.0
2415,4.0
2416,4.0
2417,3.0
2418,4.0
2419,4.0
2420,4.0
2421,2.0
2422,5.0
2423,4.0
2424,4.0
2425,1.0
2426,4.0
2427,4.0
2428,4.0
2429,4.0
2430,4.0
2431,4.0
2432,4.0
2433,4.0
2434,3.0
2435,3.0
2436,4.0
2437,4.0
2438,4.0
2439,4.0
2440,4.0
2441,4.0
2442,4.0
2443,4.0
2444,5.0
2445,4.0
2446,5.0
2447,5.0
2448,4.0
2449,3.0
2450,3.0
2451,4.0
2452,4.0
2453,2.0
2454,1.0
2455,3.0
2456,4.0
2457,2.0
2458,4.0
2459,3.0
2460,5.0
2461,4.0
2462,5.0
2463,3.0
2464,4.0
2465,4.0
2466,4.0
2467,4.0
2468,4.0
2469,4.0
2470,5.0
2471,3.0
2472,4.0
2473,4.0
2474,4.0
2475,3.0
2476,4.0
2477,3.0
2478,4.0
2479,4.0
2480,4.0
2481,5.0
2482,3.0
2483,5.0
2484,5.0
2485,4.0
2486,4.0
2487,2.0
2488,4.0
2489,4.0
2490,4.0
2491,4.0
2492,4.0
2493,3.0
2494,4.0
2495,3.0
2496,4.0
2497,4.0
2498,4.0
2499,3.0
2500,5.0
2501,4.0
2502,2.0
2503,2.0
2504,4.0
2505,4.0
2506,2.0
2507,4.0
2508,4.0
2509,4.0
2510,3.0
2511,4.0
2512,3.0
2513,4.0
2514,2.0
2515,4.0
2516,2.0
2517,5.0
2518,4.0
2519,5.0
2520,4.0
2521,4.0
2522,4.0
2523,5.0
2524,4.0
2525,5.0
2526,4.0
2527,4.0
2528,5.0
2529,4.0
2530,2.0
2531,4.0
2532,4.0
2533,4.0
2534,4.0
2535,4.0
2536,5.0
2537,5.0
2538,3.0
2539,5.0
2540,4.0
2541,4.0
2542,5.0
2543,2.0
2544,5.0
2545,4.0
2546,4.0
2547,3.0
2548,4.0
2549,2.0
2550,4.0
2551,4.0
2552,4.0
2553,4.0
2554,4.0
2555,5.0
2556,2.0
2557,4.0
2558,4.0
2559,2.0
2560,4.0
2561,4.0
2562,3.0
2563,4.0
2564,5.0
2565,3.0
2566,5.0
2567,4.0
2568,4.0
2569,3.0
2570,4.0
2571,4.0
2572,4.0
2573,5.0
2574,4.0
2575,4.0
2576,3.0
2577,4.0
2578,4.0
2579,3.0
2580,4.0
2581,4.0
2582,2.0
2583,5.0
2584,4.0
2585,5.0
2586,4.0
2587,4.0
2588,4.0
2589,4.0
2590,4.0
2591,4.0
2592,4.0
2593,4.0
2594,4.0
2595,3.0
2596,4.0
2597,2.0
2598,5.0
2599,4.0
2600,3.0
2601,3.0
2602,3.0
2603,4.0
2604,4.0
2605,4.0
2606,4.0
2607,4.0
2608,4.0
2609,4.0
2610,4.0
2611,4.0
2612,4.0
2613,4.0
2614,4.0
2615,3.0
2616,5.0
2617,4.0
2618,4.0
2619,4.0
2620,4.0
2621,4.0
2622,4.0
2623,2.0
2624,2.0
2625,3.0
2626,4.0
2627,4.0
2628,4.0
2629,2.0
2630,4.0
2631,4.0
2632,5.0
2633,4.0
2634,4.0
2635,4.0
2636,4.0
2637,4.0
2638,4.0
2639,4.0
2640,5.0
2641,4.0
2642,4.0
2643,4.0
2644,4.0
2645,3.0
2646,4.0
2647,2.0
2648,5.0
2649,3.0
2650,4.0
2651,4.0
2652,5.0
2653,4.0
2654,4.0
2655,4.0
2656,5.0
2657,4.0
2658,4.0
2659,4.0
2660,4.0
2661,4.0
2662,4.0
2663,4.0
2664,4.0
2665,5.0
2666,2.0
2667,4.0
2668,4.0
2669,5.0
2670,4.0
2671,4.0
2672,4.0
2673,4.0
2674,4.0
2675,3.0
2676,4.0
2677,4.0
2678,3.0
2679,4.0
2680,4.0
2681,4.0
2682,4.0
2683,4.0
2684,3.0
2685,4.0
2686,4.0
2687,2.0
2688,2.0
2689,3.0
2690,4.0
2691,3.0
2692,5.0
2693,4.0
2694,4.0
2695,4.0
2696,4.0
2697,5.0
2698,4.0
2699,5.0
2700,3.0
2701,4.0
2702,4.0
2703,5.0
2704,3.0
2705,5.0
2706,5.0
2707,4.0
2708,3.0
2709,4.0
2710,4.0
2711,4.0
2712,4.0
2713,5.0
2714,5.0
2715,5.0
2716,4.0
2717,5.0
2718,2.0
2719,5.0
2720,5.0
2721,3.0
2722,3.0
2723,4.0
2724,4.0
2725,4.0
2726,4.0
2727,4.0
2728,3.0
2729,4.0
2730,2.0
2731,5.0
2732,4.0
2733,4.0
2734,4.0
2735,2.0
2736,5.0
2737,4.0
2738,2.0
2739,5.0
2740,4.0
2741,5.0
2742,4.0
2743,4.0
2744,4.0
2745,4.0
2746,5.0
2747,5.0
2748,4.0
2749,4.0
2750,5.0
2751,4.0
2752,5.0
2753,4.0
2754,4.0
2755,5.0
2756,3.0
2757,5.0
2758,4.0
2759,4.0
2760,4.0
2761,4.0
2762,4.0
2763,4.0
2764,5.0
2765,4.0
2766,4.0
2767,4.0
2768,2.0
2769,5.0
2770,5.0
2771,3.0
2772,4.0
2773,4.0
2774,4.0
2775,4.0
2776,4.0
2777,4.0
2778,4.0
2779,5.0
2780,4.0
2781,4.0
2782,4.0
2783,4.0
2784,4.0
2785,4.0
2786,4.0
2787,4.0
2788,4.0
2789,4.0
2790,5.0
2791,5.0
2792,4.0
2793,4.0
2794,4.0
2795,4.0
2796,4.0
2797,3.0
2798,3.0
2799,5.0
2800,5.0
2801,4.0
2802,4.0
2803,3.0
2804,4.0
2805,4.0
2806,5.0
2807,4.0
2808,4.0
2809,4.0
2810,4.0
2811,4.0
2812,4.0
2813,3.0
2814,4.0
2815,4.0
2816,3.0
2817,4.0
2818,3.0
2819,4.0
2820,4.0
2821,3.0
2822,4.0
2823,4.0
2824,5.0
2825,4.0
2826,4.0
2827,5.0
2828,4.0
2829,5.0
2830,4.0
2831,3.0
2832,4.0
2833,4.0
2834,4.0
2835,5.0
2836,5.0
2837,5.0
2838,4.0
2839,3.0
2840,5.0
2841,4.0
2842,4.0
2843,4.0
2844,4.0
2845,4.0
2846,5.0
2847,3.0
2848,4.0
2849,4.0
2850,4.0
2851,5.0
2852,5.0
2853,4.0
2854,4.0
2855,4.0
2856,2.0
2857,4.0
2858,4.0
2859,4.0
2860,3.0
2861,4.0
2862,1.0
2863,4.0
2864,4.0
2865,4.0
2866,4.0
2867,4.0
2868,5.0
2869,5.0
2870,4.0
2871,3.0
2872,3.0
2873,4.0
2874,4.0
2875,4.0
2876,4.0
2877,5.0
2878,4.0
2879,4.0
2880,5.0
2881,3.0
2882,5.0
2883,5.0
2884,4.0
2885,1.0
2886,4.0
2887,5.0
2888,4.0
2889,5.0
2890,3.0
2891,4.0
2892,4.0
2893,4.0
2894,4.0
2895,4.0
2896,4.0
2897,3.0
2898,4.0
2899,4.0
2900,5.0
2901,4.0
2902,2.0
2903,2.0
2904,4.0
2905,3.0
2906,5.0
2907,4.0
2908,5.0
2909,3.0
2910,5.0
2911,2.0
2912,4.0
2913,5.0
2914,2.0
2915,5.0
2916,4.0
2917,5.0
2918,2.0
2919,2.0
2920,5.0
2921,5.0
2922,4.0
2923,4.0
2924,4.0
2925,3.0
2926,4.0
2927,4.0
2928,4.0
2929,3.0
2930,4.0
2931,3.0
2932,4.0
2933,5.0
2934,4.0
2935,4.0
2936,4.0
2937,4.0
2938,4.0
2939,4.0
2940,5.0
2941,4.0
2942,5.0
2943,4.0
2944,4.0
2945,4.0
2946,4.0
2947,4.0
2948,4.0
2949,4.0
2950,4.0
2951,4.0
2952,4.0
2953,2.0
2954,4.0
2955,2.0
2956,4.0
2957,3.0
2958,4.0
2959,4.0
2960,4.0
2961,5.0
2962,4.0
2963,4.0
2964,4.0
2965,5.0
2966,4.0
2967,4.0
2968,4.0
2969,4.0
2970,4.0
2971,5.0
2972,5.0
2973,3.0
2974,5.0
2975,4.0
2976,2.0
2977,4.0
2978,4.0
2979,5.0
2980,5.0
2981,4.0
2982,4.0
2983,2.0
2984,4.0
2985,4.0
2986,3.0
2987,4.0
2988,4.0
2989,4.0
2990,5.0
2991,3.0
2992,4.0
2993,4.0
2994,4.0
2995,2.0
2996,4.0
2997,4.0
2998,3.0
2999,4.0
3000,4.0
3001,5.0
3002,5.0
3003,4.0
3004,3.0
3005,4.0
3006,4.0
3007,4.0
3008,4.0
3009,4.0
3010,4.0
3011,1.0
3012,4.0
3013,3.0
3014,3.0
3015,4.0
3016,1.0
3017,4.0
3018,4.0
3019,4.0
3020,5.0
3021,4.0
3022,3.0
3023,4.0
3024,4.0
3025,4.0
3026,5.0
3027,5.0
3028,4.0
3029,4.0
3030,4.0
3031,4.0
3032,4.0
3033,4.0
3034,4.0
3035,4.0
3036,5.0
3037,4.0
3038,5.0
3039,5.0
3040,4.0
3041,4.0
3042,5.0
3043,4.0
3044,5.0
3045,4.0
3046,2.0
3047,4.0
3048,3.0
3049,4.0
3050,3.0
3051,3.0
3052,5.0
3053,4.0
3054,4.0
3055,2.0
3056,4.0
3057,4.0
3058,2.0
3059,4.0
3060,4.0
3061,4.0
3062,4.0
3063,1.0
3064,1.0
3065,4.0
3066,4.0
3067,2.0
3068,4.0
3069,2.0
3070,2.0
3071,4.0
3072,4.0
3073,4.0
3074,4.0
3075,4.0
3076,5.0
3077,4.0
3078,4.0
3079,4.0
3080,4.0
3081,4.0
3082,4.0
3083,5.0
3084,2.0
3085,5.0
3086,4.0
3087,4.0
3088,4.0
3089,4.0
3090,5.0
3091,5.0
3092,5.0
3093,5.0
3094,4.0
3095,5.0
3096,4.0
3097,4.0
3098,2.0
3099,4.0
3100,4.0
3101,5.0
3102,4.0
3103,5.0
3104,5.0
3105,1.0
3106,4.0
3107,3.0
3108,4.0
3109,4.0
3110,3.0
3111,4.0
3112,2.0
3113,2.0
3114,4.0
3115,4.0
3116,5.0
3117,4.0
3118,4.0
3119,4.0
3120,4.0
3121,3.0
3122,4.0
3123,4.0
3124,4.0
3125,4.0
3126,4.0
3127,4.0
3128,5.0
3129,4.0
3130,4.0
3131,4.0
3132,4.0
3133,5.0
3134,3.0
3135,4.0
3136,4.0
3137,2.0
3138,4.0
3139,4.0
3140,3.0
3141,2.0
3142,1.0
3143,3.0
3144,4.0
3145,4.0
3146,5.0
3147,4.0
3148,3.0
3149,3.0
3150,5.0
3151,2.0
3152,4.0
3153,4.0
3154,4.0
3155,5.0
3156,4.0
3157,4.0
3158,4.0
3159,2.0
3160,4.0
3161,4.0
3162,2.0
3163,4.0
3164,5.0
3165,4.0
3166,3.0
3167,4.0
3168,4.0
3169,5.0
3170,2.0
3171,4.0
3172,2.0
3173,4.0
3174,4.0
3175,4.0
3176,1.0
3177,4.0
3178,4.0
3179,4.0
3180,4.0
3181,4.0
3182,4.0
3183,5.0
3184,5.0
3185,4.0
3186,4.0
3187,4.0
3188,4.0
3189,4.0
3190,4.0
3191,5.0
3192,4.0
3193,4.0
3194,4.0
3195,5.0
3196,3.0
3197,4.0
3198,4.0
3199,5.0
3200,3.0
3201,4.0
3202,3.0
3203,5.0
3204,2.0
3205,4.0
3206,4.0
3207,5.0
3208,3.0
3209,4.0
3210,3.0
3211,4.0
3212,4.0
3213,5.0
3214,4.0
3215,4.0
3216,4.0
3217,4.0
3218,4.0
3219,4.0
3220,5.0
3221,3.0
3222,4.0
3223,5.0
3224,2.0
3225,4.0
3226,4.0
3227,4.0
3228,3.0
3229,4.0
3230,5.0
3231,3.0
3232,4.0
3233,5.0
3234,3.0
3235,1.0
3236,4.0
3237,4.0
3238,3.0
3239,4.0
3240,4.0
3241,4.0
3242,4.0
3243,4.0
3244,4.0
3245,4.0
3246,5.0
3247,3.0
3248,4.0
3249,5.0
3250,4.0
3251,4.0
3252,4.0
3253,3.0
3254,4.0
3255,4.0
3256,4.0
3257,4.0
3258,3.0
3259,4.0
3260,4.0
3261,4.0
3262,3.0
3263,5.0
3264,5.0
3265,3.0
3266,3.0
3267,4.0
3268,5.0
3269,5.0
3270,4.0
3271,3.0
3272,4.0
3273,4.0
3274,4.0
3275,4.0
3276,4.0
3277,4.0
3278,3.0
3279,4.0
3280,4.0
3281,4.0
3282,5.0
3283,4.0
3284,4.0
3285,4.0
3286,5.0
3287,5.0
3288,4.0
3289,4.0
3290,4.0
3291,1.0
3292,4.0
3293,4.0
3294,5.0
3295,4.0
3296,5.0
3297,5.0
3298,3.0
3299,4.0
3300,2.0
3301,2.0
3302,4.0
3303,4.0
3304,4.0
3305,1.0
3306,4.0
3307,3.0
3308,4.0
3309,3.0
3310,5.0
3311,4.0
3312,2.0
3313,4.0
3314,4.0
3315,4.0
3316,4.0
3317,4.0
3318,3.0
3319,4.0
3320,4.0
3321,3.0
3322,4.0
3323,5.0
3324,5.0
3325,5.0
3326,4.0
3327,4.0
3328,4.0
3329,4.0
3330,4.0
3331,5.0
3332,4.0
3333,4.0
3334,2.0
3335,5.0
3336,4.0
3337,4.0
3338,5.0
3339,4.0
3340,4.0
3341,4.0
3342,4.0
3343,4.0
3344,4.0
3345,1.0
3346,4.0
3347,3.0
3348,3.0
3349,1.0
3350,4.0
3351,3.0
3352,3.0
3353,5.0
3354,4.0
3355,4.0
3356,4.0
3357,4.0
3358,4.0
3359,5.0
3360,5.0
3361,4.0
3362,4.0
3363,3.0
3364,4.0
3365,4.0
3366,5.0
3367,3.0
3368,3.0
3369,5.0
3370,4.0
3371,2.0
3372,5.0
3373,5.0
3374,4.0
3375,4.0
3376,4.0
3377,5.0
3378,5.0
3379,5.0
3380,5.0
3381,4.0
3382,4.0
3383,4.0
3384,4.0
3385,4.0
3386,4.0
3387,4.0
3388,2.0
3389,4.0
3390,5.0
3391,5.0
3392,4.0
3393,4.0
3394,4.0
3395,4.0
3396,4.0
3397,4.0
3398,4.0
3399,4.0
3400,4.0
3401,5.0
3402,4.0
3403,4.0
3404,3.0
3405,4.0
3406,4.0
3407,3.0
3408,5.0
3409,5.0
3410,3.0
3411,2.0
3412,4.0
3413,5.0
3414,4.0
3415,4.0
3416,4.0
3417,4.0
3418,5.0
3419,4.0
3420,4.0
3421,5.0
3422,3.0
3423,2.0
3424,4.0
3425,4.0
3426,5.0
3427,4.0
3428,4.0
3429,3.0
3430,4.0
3431,4.0
3432,4.0
3433,4.0
3434,2.0
3435,4.0
3436,4.0
3437,2.0
3438,4.0
3439,4.0
3440,5.0
3441,4.0
3442,4.0
3443,4.0
3444,4.0
3445,4.0
3446,5.0
3447,3.0
3448,3.0
3449,1.0
3450,2.0
3451,4.0
3452,4.0
3453,4.0
3454,4.0
3455,4.0
3456,4.0
3457,4.0
3458,5.0
3459,4.0
3460,4.0
3461,1.0
3462,4.0
3463,3.0
3464,4.0
3465,2.0
3466,2.0
3467,4.0
3468,4.0
3469,3.0
3470,4.0
3471,3.0
3472,3.0
3473,4.0
3474,4.0
3475,3.0
3476,4.0
3477,4.0
3478,4.0
3479,3.0
3480,4.0
3481,4.0
3482,5.0
3483,5.0
3484,2.0
3485,4.0
3486,4.0
3487,4.0
3488,4.0
3489,4.0
3490,5.0
3491,4.0
3492,4.0
3493,4.0
3494,3.0
3495,4.0
3496,4.0
3497,4.0
3498,2.0
3499,4.0
3500,4.0
3501,4.0
3502,5.0
3503,4.0
3504,5.0
3505,2.0
3506,5.0
3507,4.0
3508,3.0
3509,4.0
3510,4.0
3511,5.0
3512,4.0
3513,4.0
3514,4.0
3515,4.0
3516,4.0
3517,2.0
3518,4.0
3519,3.0
3520,4.0
3521,5.0
3522,2.0
3523,4.0
3524,5.0
3525,4.0
3526,4.0
3527,3.0
3528,5.0
3529,4.0
3530,5.0
3531,4.0
3532,4.0
3533,3.0
3534,4.0
3535,3.0
3536,4.0
3537,4.0
3538,5.0
3539,5.0
3540,4.0
3541,5.0
3542,4.0
3543,4.0
3544,3.0
3545,2.0
3546,5.0
3547,4.0
3548,3.0
3549,4.0
3550,4.0
3551,4.0
3552,5.0
3553,4.0
3554,4.0
3555,4.0
3556,4.0
3557,4.0
3558,3.0
3559,4.0
3560,4.0
3561,5.0
3562,3.0
3563,4.0
3564,4.0
3565,5.0
3566,4.0
3567,4.0
3568,4.0
3569,4.0
3570,4.0
3571,4.0
3572,3.0
3573,5.0
3574,4.0
3575,3.0
3576,4.0
3577,4.0
3578,4.0
3579,5.0
3580,4.0
3581,2.0
3582,4.0
3583,3.0
3584,4.0
3585,5.0
3586,4.0
3587,3.0
3588,4.0
3589,5.0
3590,4.0
3591,4.0
3592,4.0
3593,4.0
3594,5.0
3595,4.0
3596,4.0
3597,5.0
3598,4.0
3599,4.0
3600,4.0
3601,4.0
3602,3.0
3603,4.0
3604,4.0
3605,4.0
3606,4.0
3607,4.0
3608,4.0
3609,4.0
3610,4.0
3611,4.0
3612,4.0
3613,4.0
3614,4.0
3615,4.0
3616,5.0
3617,5.0
3618,5.0
3619,4.0
3620,5.0
3621,4.0
3622,3.0
3623,4.0
3624,5.0
3625,4.0
3626,4.0
3627,4.0
3628,4.0
3629,4.0
3630,5.0
3631,5.0
3632,3.0
3633,4.0
3634,4.0
3635,4.0
3636,5.0
3637,4.0
3638,4.0
3639,4.0
3640,5.0
3641,3.0
3642,4.0
3643,4.0
3644,4.0
3645,4.0
3646,5.0
3647,4.0
3648,4.0
3649,4.0
3650,4.0
3651,2.0
3652,4.0
3653,4.0
3654,4.0
3655,4.0
3656,4.0
3657,4.0
3658,4.0
3659,4.0
3660,3.0
3661,4.0
3662,3.0
3663,3.0
3664,3.0
3665,5.0
3666,4.0
3667,4.0
3668,5.0
3669,4.0
3670,5.0
3671,4.0
3672,4.0
3673,5.0
3674,5.0
3675,4.0
3676,4.0
3677,3.0
3678,4.0
3679,4.0
3680,4.0
3681,5.0
3682,5.0
3683,4.0
3684,5.0
3685,4.0
3686,4.0
3687,4.0
3688,3.0
3689,4.0
3690,4.0
3691,4.0
3692,4.0
3693,3.0
3694,4.0
3695,4.0
3696,4.0
3697,4.0
3698,4.0
3699,4.0
3700,4.0
3701,2.0
3702,4.0
3703,2.0
3704,2.0
3705,4.0
3706,4.0
3707,4.0
3708,3.0
3709,4.0
3710,4.0
3711,4.0
3712,4.0
3713,4.0
3714,5.0
3715,4.0
3716,4.0
3717,4.0
3718,4.0
3719,4.0
3720,4.0
3721,5.0
3722,4.0
3723,4.0
3724,5.0
3725,4.0
3726,5.0
3727,5.0
3728,4.0
3729,5.0
3730,4.0
3731,5.0
3732,4.0
3733,4.0
3734,5.0
3735,4.0
3736,5.0
3737,4.0
3738,4.0
3739,3.0
3740,5.0
3741,4.0
3742,5.0
3743,4.0
3744,3.0
3745,5.0
3746,4.0
3747,4.0
3748,4.0
3749,4.0
3750,2.0
3751,4.0
3752,2.0
3753,3.0
3754,4.0
3755,1.0
3756,2.0
3757,5.0
3758,5.0
3759,4.0
3760,4.0
3761,3.0
3762,2.0
3763,5.0
3764,4.0
3765,4.0
3766,5.0
3767,5.0
3768,4.0
3769,4.0
3770,4.0
3771,4.0
3772,4.0
3773,1.0
3774,5.0
3775,4.0
3776,4.0
3777,4.0
3778,5.0
3779,3.0
3780,4.0
3781,4.0
3782,4.0
3783,4.0
3784,5.0
3785,4.0
3786,4.0
3787,5.0
3788,4.0
3789,4.0
3790,3.0
3791,5.0
3792,4.0
3793,5.0
3794,4.0
3795,4.0
3796,4.0
3797,5.0
3798,3.0
3799,2.0
3800,4.0
3801,4.0
3802,2.0
3803,5.0
3804,4.0
3805,4.0
3806,5.0
3807,4.0
3808,4.0
3809,5.0
3810,4.0
3811,4.0
3812,4.0
3813,3.0
3814,4.0
3815,4.0
3816,4.0
3817,4.0
3818,4.0
3819,5.0
3820,2.0
3821,4.0
3822,5.0
3823,4.0
3824,4.0
3825,4.0
3826,3.0
3827,2.0
3828,4.0
3829,5.0
3830,3.0
3831,4.0
3832,4.0
3833,4.0
3834,4.0
3835,4.0
3836,4.0
3837,4.0
3838,2.0
3839,4.0
3840,4.0
3841,5.0
3842,4.0
3843,4.0
3844,2.0
3845,4.0
3846,4.0
3847,4.0
3848,5.0
3849,4.0
3850,4.0
3851,3.0
3852,5.0
3853,4.0
3854,2.0
3855,4.0
3856,4.0
3857,4.0
3858,5.0
3859,4.0
3860,4.0
3861,5.0
3862,4.0
3863,4.0
3864,4.0
3865,5.0
3866,4.0
3867,4.0
3868,4.0
3869,4.0
3870,4.0
3871,3.0
3872,4.0
3873,3.0
3874,5.0
3875,4.0
3876,4.0
3877,4.0
3878,3.0
3879,4.0
3880,4.0
3881,5.0
3882,5.0
3883,5.0
3884,2.0
3885,4.0
3886,4.0
3887,2.0
3888,4.0
3889,3.0
3890,3.0
3891,4.0
3892,4.0
3893,4.0
3894,5.0
3895,4.0
3896,4.0
3897,5.0
3898,4.0
3899,3.0
3900,5.0
3901,4.0
3902,4.0
3903,3.0
3904,4.0
3905,3.0
3906,2.0
3907,4.0
3908,4.0
3909,5.0
3910,4.0
3911,5.0
3912,2.0
3913,4.0
3914,3.0
3915,2.0
3916,4.0
3917,4.0
3918,3.0
3919,3.0
3920,4.0
3921,4.0
3922,5.0
3923,3.0
3924,4.0
3925,4.0
3926,4.0
3927,5.0
3928,3.0
3929,5.0
3930,4.0
3931,4.0
3932,4.0
3933,4.0
3934,4.0
3935,5.0
3936,4.0
3937,4.0
3938,4.0
3939,3.0
3940,4.0
3941,2.0
3942,5.0
3943,3.0
3944,4.0
3945,4.0
3946,4.0
3947,4.0
3948,4.0
3949,4.0
3950,5.0
3951,4.0
3952,5.0
3953,4.0
3954,4.0
3955,4.0
3956,5.0
3957,4.0
3958,4.0
3959,4.0
3960,4.0
3961,4.0
3962,5.0
3963,3.0
3964,3.0
3965,4.0
3966,2.0
3967,5.0
3968,4.0
3969,3.0
3970,4.0
3971,4.0
3972,4.0
3973,4.0
3974,4.0
3975,5.0
3976,3.0
3977,3.0
3978,5.0
3979,2.0
3980,4.0
3981,3.0
3982,3.0
3983,4.0
3984,3.0
3985,4.0
3986,4.0
3987,4.0
3988,4.0
3989,4.0
3990,3.0
3991,3.0
3992,3.0
3993,4.0
3994,4.0
3995,3.0
3996,4.0
3997,2.0
3998,4.0
3999,4.0
4000,4.0
4001,4.0
4002,4.0
4003,2.0
4004,4.0
4005,4.0
4006,4.0
4007,2.0
4008,4.0
4009,4.0
4010,4.0
4011,5.0
4012,4.0
4013,4.0
4014,4.0
4015,5.0
4016,4.0
4017,4.0
4018,4.0
4019,4.0
4020,4.0
4021,3.0
4022,4.0
4023,4.0
4024,5.0
4025,5.0
4026,4.0
4027,5.0
4028,4.0
4029,5.0
4030,5.0
4031,3.0
4032,4.0
4033,4.0
4034,3.0
4035,5.0
4036,5.0
4037,3.0
4038,4.0
4039,3.0
4040,4.0
4041,4.0
4042,4.0
4043,4.0
4044,5.0
4045,4.0
4046,2.0
4047,4.0
4048,4.0
4049,4.0
4050,3.0
4051,3.0
4052,3.0
4053,5.0
4054,5.0
4055,4.0
4056,4.0
4057,4.0
4058,4.0
4059,3.0
4060,4.0
4061,4.0
4062,4.0
4063,4.0
4064,4.0
4065,4.0
4066,5.0
4067,4.0
4068,4.0
4069,4.0
4070,4.0
4071,4.0
4072,5.0
4073,4.0
4074,3.0
4075,4.0
4076,4.0
4077,4.0
4078,4.0
4079,4.0
4080,3.0
4081,3.0
4082,2.0
4083,4.0
4084,4.0
4085,4.0
4086,4.0
4087,5.0
4088,4.0
4089,3.0
4090,2.0
4091,4.0
4092,4.0
4093,4.0
4094,3.0
4095,5.0
4096,5.0
4097,2.0
4098,5.0
4099,4.0
4100,5.0
4101,5.0
4102,5.0
4103,4.0
4104,5.0
4105,4.0
4106,3.0
4107,5.0
4108,5.0
4109,4.0
4110,4.0
4111,5.0
4112,4.0
4113,4.0
4114,4.0
4115,2.0
4116,4.0
4117,4.0
4118,4.0
4119,4.0
4120,5.0
4121,4.0
4122,4.0
4123,4.0
4124,4.0
4125,2.0
4126,5.0
4127,4.0
4128,4.0
4129,3.0
4130,4.0
4131,5.0
4132,4.0
4133,4.0
4134,5.0
4135,4.0
4136,4.0
4137,3.0
4138,3.0
4139,5.0
4140,4.0
4141,4.0
4142,4.0
4143,5.0
4144,4.0
4145,3.0
4146,5.0
4147,4.0
4148,4.0
4149,4.0
4150,3.0
4151,5.0
4152,4.0
4153,3.0
4154,4.0
4155,5.0
4156,4.0
4157,4.0
4158,5.0
4159,4.0
4160,4.0
4161,5.0
4162,5.0
4163,5.0
4164,4.0
4165,4.0
4166,2.0
4167,5.0
4168,4.0
4169,4.0
4170,2.0
4171,5.0
4172,5.0
4173,4.0
4174,4.0
4175,5.0
4176,4.0
4177,4.0
4178,4.0
4179,4.0
4180,4.0
4181,4.0
4182,4.0
4183,4.0
4184,3.0
4185,4.0
4186,5.0
4187,4.0
4188,5.0
4189,4.0
4190,4.0
4191,4.0
4192,4.0
4193,4.0
4194,4.0
4195,2.0
4196,4.0
4197,3.0
4198,4.0
4199,4.0
4200,4.0
4201,4.0
4202,4.0
4203,4.0
4204,4.0
4205,4.0
4206,4.0
4207,5.0
4208,4.0
4209,4.0
4210,4.0
4211,5.0
4212,4.0
4213,3.0
4214,4.0
4215,4.0
4216,5.0
4217,4.0
4218,5.0
4219,3.0
4220,4.0
4221,4.0
4222,4.0
4223,4.0
4224,5.0
4225,2.0
4226,4.0
4227,4.0
4228,4.0
4229,2.0
4230,4.0
4231,4.0
4232,5.0
4233,4.0
4234,4.0
4235,5.0
4236,3.0
4237,2.0
4238,4.0
4239,5.0
4240,5.0
4241,5.0
4242,5.0
4243,3.0
4244,4.0
4245,4.0
4246,4.0
4247,4.0
4248,5.0
4249,3.0
4250,4.0
4251,4.0
4252,4.0
4253,4.0
4254,3.0
4255,5.0
4256,5.0
4257,4.0
4258,2.0
4259,3.0
4260,2.0
4261,5.0
4262,4.0
4263,2.0
4264,3.0
4265,4.0
4266,4.0
4267,4.0
4268,4.0
4269,3.0
4270,2.0
4271,2.0
4272,4.0
4273,4.0
4274,4.0
4275,5.0
4276,5.0
4277,3.0
4278,4.0
4279,4.0
4280,5.0
4281,4.0
4282,4.0
4283,3.0
4284,4.0
4285,3.0
4286,2.0
4287,4.0
4288,4.0
4289,4.0
4290,4.0
4291,5.0
4292,4.0
4293,3.0
4294,4.0
4295,4.0
4296,3.0
4297,3.0
4298,4.0
4299,4.0
4300,4.0
4301,4.0
4302,4.0
4303,4.0
4304,4.0
4305,5.0
4306,4.0
4307,4.0
4308,3.0
4309,4.0
4310,4.0
4311,4.0
4312,4.0
4313,4.0
4314,5.0
4315,4.0
4316,4.0
4317,3.0
4318,4.0
4319,4.0
4320,4.0
4321,4.0
4322,4.0
4323,4.0
4324,5.0
4325,3.0
4326,4.0
4327,4.0
4328,4.0
4329,4.0
4330,4.0
4331,4.0
4332,4.0
4333,4.0
4334,5.0
4335,5.0
4336,5.0
4337,5.0
4338,4.0
4339,4.0
4340,4.0
4341,4.0
4342,5.0
4343,4.0
4344,4.0
4345,5.0
4346,4.0
4347,4.0
4348,4.0
4349,4.0
4350,2.0
4351,4.0
4352,5.0
4353,5.0
4354,5.0
4355,4.0
4356,4.0
4357,2.0
4358,4.0
4359,4.0
4360,4.0
4361,4.0
4362,4.0
4363,5.0
4364,4.0
4365,4.0
4366,4.0
4367,4.0
4368,4.0
4369,4.0
4370,4.0
4371,4.0
4372,1.0
4373,4.0
4374,4.0
4375,3.0
4376,4.0
4377,5.0
4378,4.0
4379,3.0
4380,4.0
4381,4.0
4382,4.0
4383,4.0
4384,4.0
4385,4.0
4386,4.0
4387,4.0
4388,2.0
4389,3.0
4390,4.0
4391,4.0
4392,4.0
4393,4.0
4394,1.0
4395,4.0
4396,4.0
4397,4.0
4398,4.0
4399,4.0
4400,4.0
4401,3.0
4402,3.0
4403,4.0
4404,3.0
4405,4.0
4406,4.0
4407,4.0
4408,3.0
4409,4.0
4410,5.0
4411,3.0
4412,4.0
4413,5.0
4414,4.0
4415,3.0
4416,2.0
4417,4.0
4418,4.0
4419,4.0
4420,4.0
4421,4.0
4422,4.0
4423,3.0
4424,4.0
4425,4.0
4426,4.0
4427,5.0
4428,4.0
4429,4.0
4430,4.0
4431,4.0
4432,5.0
4433,4.0
4434,3.0
4435,4.0
4436,1.0
4437,4.0
4438,5.0
4439,2.0
4440,5.0
4441,4.0
4442,4.0
4443,4.0
4444,2.0
4445,2.0
4446,4.0
4447,5.0
4448,4.0
4449,4.0
4450,3.0
4451,4.0
4452,4.0
4453,5.0
4454,4.0
4455,4.0
4456,4.0
4457,4.0
4458,4.0
4459,3.0
4460,4.0
4461,4.0
4462,5.0
4463,4.0
4464,4.0
4465,5.0
4466,4.0
4467,4.0
4468,2.0
4469,4.0
4470,4.0
4471,4.0
4472,5.0
4473,4.0
4474,4.0
4475,4.0
4476,5.0
4477,3.0
4478,4.0
4479,4.0
4480,2.0
4481,4.0
4482,4.0
4483,5.0
4484,2.0
4485,5.0
4486,5.0
4487,4.0
4488,4.0
4489,4.0
4490,4.0
4491,4.0
4492,4.0
4493,4.0
4494,2.0
4495,4.0
4496,4.0
4497,4.0
4498,5.0
4499,3.0
4500,5.0
4501,5.0
4502,3.0
4503,5.0
4504,4.0
4505,5.0
4506,5.0
4507,4.0
4508,5.0
4509,3.0
4510,4.0
4511,4.0
4512,4.0
4513,4.0
4514,4.0
4515,3.0
4516,3.0
4517,4.0
4518,4.0
4519,1.0
4520,4.0
4521,3.0
4522,4.0
4523,4.0
4524,4.0
4525,4.0
4526,5.0
4527,3.0
4528,4.0
4529,4.0
4530,4.0
4531,5.0
4532,4.0
4533,5.0
4534,4.0
4535,2.0
4536,5.0
4537,4.0
4538,4.0
4539,4.0
4540,4.0
4541,3.0
4542,4.0
4543,3.0
4544,4.0
4545,5.0
4546,5.0
4547,4.0
4548,3.0
4549,3.0
4550,3.0
4551,4.0
4552,5.0
4553,5.0
4554,5.0
4555,5.0
4556,4.0
4557,2.0
4558,5.0
4559,3.0
4560,4.0
4561,3.0
4562,5.0
4563,4.0
4564,5.0
4565,4.0
4566,4.0
4567,4.0
4568,4.0
4569,4.0
4570,4.0
4571,4.0
4572,5.0
4573,4.0
4574,4.0
4575,4.0
4576,4.0
4577,4.0
4578,4.0
4579,4.0
4580,4.0
4581,3.0
4582,4.0
4583,4.0
4584,4.0
4585,4.0
4586,4.0
4587,4.0
4588,4.0
4589,4.0
4590,4.0
4591,4.0
4592,3.0
4593,4.0
4594,4.0
4595,4.0
4596,4.0
4597,5.0
4598,3.0
4599,2.0
4600,4.0
4601,4.0
4602,4.0
4603,4.0
4604,2.0
4605,4.0
4606,4.0
4607,4.0
4608,4.0
4609,4.0
4610,5.0
4611,4.0
4612,4.0
4613,4.0
4614,4.0
4615,3.0
4616,4.0
4617,4.0
4618,4.0
4619,4.0
4620,3.0
4621,3.0
4622,5.0
4623,5.0
4624,5.0
4625,4.0
4626,5.0
4627,4.0
4628,4.0
4629,2.0
4630,3.0
4631,5.0
4632,5.0
4633,4.0
4634,3.0
4635,2.0
4636,5.0
4637,4.0
4638,4.0
4639,4.0
4640,4.0
4641,3.0
4642,5.0
4643,4.0
4644,5.0
4645,1.0
4646,3.0
4647,4.0
4648,2.0
4649,4.0
4650,4.0
4651,4.0
4652,4.0
4653,3.0
4654,5.0
4655,4.0
4656,5.0
4657,5.0
4658,4.0
4659,4.0
4660,4.0
4661,5.0
4662,5.0
4663,4.0
4664,5.0
4665,5.0
4666,4.0
4667,5.0
4668,4.0
4669,4.0
4670,4.0
4671,4.0
4672,4.0
4673,3.0
4674,4.0
4675,4.0
4676,4.0
4677,5.0
4678,3.0
4679,4.0
4680,3.0
4681,4.0
4682,3.0
4683,4.0
4684,4.0
4685,4.0
4686,2.0
4687,3.0
4688,4.0
4689,3.0
4690,3.0
4691,3.0
4692,4.0
4693,3.0
4694,4.0
4695,4.0
4696,4.0
4697,3.0
4698,4.0
4699,4.0
4700,4.0
4701,3.0
4702,4.0
4703,4.0
4704,4.0
4705,4.0
4706,3.0
4707,4.0
4708,4.0
4709,4.0
4710,4.0
4711,4.0
4712,4.0
4713,4.0
4714,4.0
4715,5.0
4716,4.0
4717,4.0
4718,4.0
4719,4.0
4720,4.0
4721,5.0
4722,2.0
4723,4.0
4724,1.0
4725,5.0
4726,3.0
4727,4.0
4728,4.0
4729,4.0
4730,4.0
4731,3.0
4732,5.0
4733,4.0
4734,4.0
4735,4.0
4736,4.0
4737,4.0
4738,3.0
4739,4.0
4740,5.0
4741,3.0
4742,5.0
4743,4.0
4744,5.0
4745,4.0
4746,4.0
4747,4.0
4748,2.0
4749,4.0
4750,4.0
4751,4.0
4752,4.0
4753,5.0
4754,4.0
4755,4.0
4756,4.0
4757,3.0
4758,4.0
4759,3.0
4760,4.0
4761,4.0
4762,2.0
4763,4.0
4764,4.0
4765,4.0
4766,4.0
4767,4.0
4768,4.0
4769,4.0
4770,4.0
4771,4.0
4772,4.0
4773,4.0
4774,4.0
4775,4.0
4776,4.0
4777,3.0
4778,4.0
4779,4.0
4780,4.0
4781,4.0
4782,4.0
4783,4.0
4784,4.0
4785,4.0
4786,1.0
4787,5.0
4788,4.0
4789,4.0
4790,5.0
4791,3.0
4792,2.0
4793,5.0
4794,4.0
4795,4.0
4796,4.0
4797,4.0
4798,4.0
4799,4.0
4800,4.0
4801,4.0
4802,4.0
4803,4.0
4804,4.0
4805,4.0
4806,4.0
4807,4.0
4808,3.0
4809,4.0
4810,4.0
4811,4.0
4812,5.0
4813,4.0
4814,4.0
4815,4.0
4816,3.0
4817,4.0
4818,4.0
4819,4.0
4820,4.0
4821,3.0
4822,4.0
4823,4.0
4824,4.0
4825,4.0
4826,4.0
4827,3.0
4828,4.0
4829,5.0
4830,4.0
4831,5.0
4832,4.0
4833,4.0
4834,5.0
4835,4.0
4836,5.0
4837,4.0
4838,4.0
4839,1.0
4840,4.0
4841,4.0
4842,4.0
4843,4.0
4844,4.0
4845,4.0
4846,4.0
4847,5.0
4848,5.0
4849,4.0
4850,4.0
4851,4.0
4852,3.0
4853,2.0
4854,4.0
4855,4.0
4856,5.0
4857,4.0
4858,4.0
4859,4.0
4860,4.0
4861,4.0
4862,4.0
4863,4.0
4864,4.0
4865,4.0
4866,4.0
4867,5.0
4868,4.0
4869,5.0
4870,4.0
4871,3.0
4872,3.0
4873,4.0
4874,4.0
4875,4.0
4876,3.0
4877,5.0
4878,5.0
4879,4.0
4880,4.0
4881,3.0
4882,5.0
4883,4.0
4884,3.0
4885,4.0
4886,4.0
4887,4.0
4888,4.0
4889,5.0
4890,4.0
4891,3.0
4892,4.0
4893,5.0
4894,5.0
4895,4.0
4896,5.0
4897,4.0
4898,4.0
4899,5.0
4900,3.0
4901,4.0
4902,4.0
4903,4.0
4904,5.0
4905,5.0
4906,3.0
4907,4.0
4908,4.0
4909,2.0
4910,5.0
4911,4.0
4912,4.0
4913,5.0
4914,4.0
4915,3.0
4916,4.0
4917,4.0
4918,4.0
4919,4.0
4920,4.0
4921,4.0
4922,3.0
4923,4.0
4924,4.0
4925,4.0
4926,5.0
4927,4.0
4928,4.0
4929,4.0
4930,4.0
4931,5.0
4932,4.0
4933,4.0
4934,4.0
4935,4.0
4936,5.0
4937,5.0
4938,4.0
4939,5.0
4940,5.0
4941,4.0
4942,2.0
4943,5.0
4944,4.0
4945,2.0
4946,4.0
4947,4.0
4948,4.0
4949,4.0
4950,3.0
4951,5.0
4952,4.0
4953,5.0
4954,2.0
4955,4.0
4956,4.0
4957,4.0
4958,4.0
4959,3.0
4960,4.0
4961,4.0
4962,2.0
4963,4.0
4964,5.0
4965,4.0
4966,4.0
4967,4.0
4968,3.0
4969,4.0
4970,3.0
4971,4.0
4972,4.0
4973,4.0
4974,4.0
4975,4.0
4976,4.0
4977,3.0
4978,4.0
4979,4.0
4980,4.0
4981,4.0
4982,4.0
4983,4.0
4984,4.0
4985,4.0
4986,5.0
4987,5.0
4988,4.0
4989,4.0
4990,4.0
4991,4.0
4992,4.0
4993,3.0
4994,2.0
4995,4.0
4996,4.0
4997,4.0
4998,5.0
4999,5.0
5000,3.0
5001,4.0
5002,4.0
5003,4.0
5004,4.0
5005,1.0
5006,4.0
5007,4.0
5008,4.0
5009,4.0
5010,2.0
5011,4.0
5012,4.0
5013,2.0
5014,4.0
5015,4.0
5016,5.0
5017,3.0
5018,4.0
5019,3.0
5020,4.0
5021,5.0
5022,3.0
5023,4.0
5024,4.0
5025,4.0
5026,4.0
5027,4.0
5028,4.0
5029,4.0
5030,3.0
5031,4.0
5032,4.0
5033,4.0
5034,4.0
5035,3.0
5036,4.0
5037,5.0
5038,4.0
5039,5.0
5040,4.0
5041,4.0
5042,4.0
5043,2.0
5044,4.0
5045,5.0
5046,4.0
5047,4.0
5048,4.0
5049,2.0
5050,4.0
5051,4.0
5052,4.0
5053,5.0
5054,4.0
5055,4.0
5056,4.0
5057,5.0
5058,5.0
5059,4.0
5060,4.0
5061,5.0
5062,4.0
5063,4.0
5064,4.0
5065,5.0
5066,5.0
5067,1.0
5068,4.0
5069,2.0
5070,4.0
5071,5.0
5072,4.0
5073,4.0
5074,4.0
5075,5.0
5076,4.0
5077,5.0
5078,4.0
5079,4.0
5080,4.0
5081,4.0
5082,4.0
5083,2.0
5084,2.0
5085,5.0
5086,4.0
5087,2.0
5088,5.0
5089,5.0
5090,5.0
5091,4.0
5092,4.0
5093,2.0
5094,4.0
5095,4.0
5096,4.0
5097,4.0
5098,2.0
5099,4.0
5100,2.0
5101,4.0
5102,3.0
5103,2.0
5104,4.0
5105,4.0
5106,5.0
5107,2.0
5108,4.0
5109,4.0
5110,5.0
5111,4.0
5112,2.0
5113,3.0
5114,5.0
5115,4.0
5116,2.0
5117,4.0
5118,4.0
5119,2.0
5120,4.0
5121,3.0
5122,4.0
5123,3.0
5124,4.0
5125,4.0
5126,5.0
5127,4.0
5128,3.0
5129,4.0
5130,5.0
5131,4.0
5132,2.0
5133,5.0
5134,4.0
5135,4.0
5136,4.0
5137,4.0
5138,4.0
5139,4.0
5140,2.0
5141,4.0
5142,3.0
5143,5.0
5144,3.0
5145,3.0
5146,4.0
5147,4.0
5148,3.0
5149,3.0
5150,4.0
5151,4.0
5152,4.0
5153,3.0
5154,5.0
5155,4.0
5156,3.0
5157,4.0
5158,4.0
5159,4.0
5160,2.0
5161,4.0
5162,2.0
5163,4.0
5164,3.0
5165,5.0
5166,5.0
5167,5.0
5168,4.0
5169,3.0
5170,4.0
5171,3.0
5172,4.0
5173,4.0
5174,4.0
5175,4.0
5176,4.0
5177,4.0
5178,4.0
5179,4.0
5180,4.0
5181,4.0
5182,4.0
5183,4.0
5184,4.0
5185,5.0
5186,3.0
5187,4.0
5188,4.0
5189,4.0
5190,4.0
5191,3.0
5192,5.0
5193,5.0
5194,4.0
5195,4.0
5196,4.0
5197,3.0
5198,5.0
5199,4.0
5200,4.0
5201,4.0
5202,4.0
5203,4.0
5204,4.0
5205,3.0
5206,4.0
5207,5.0
5208,3.0
5209,4.0
5210,4.0
5211,4.0
5212,3.0
5213,5.0
5214,4.0
5215,3.0
5216,4.0
5217,4.0
5218,4.0
5219,5.0
5220,5.0
5221,4.0
5222,3.0
5223,4.0
5224,2.0
5225,5.0
5226,4.0
5227,3.0
5228,2.0
5229,1.0
5230,3.0
5231,5.0
5232,4.0
5233,5.0
5234,4.0
5235,5.0
5236,4.0
5237,4.0
5238,5.0
5239,5.0
5240,4.0
5241,4.0
5242,5.0
5243,4.0
5244,5.0
5245,5.0
5246,4.0
5247,5.0
5248,4.0
5249,5.0
5250,3.0
5251,4.0
5252,3.0
5253,4.0
5254,3.0
5255,3.0
5256,4.0
5257,4.0
5258,2.0
5259,4.0
5260,3.0
5261,5.0
5262,5.0
5263,4.0
5264,5.0
5265,5.0
5266,4.0
5267,1.0
5268,4.0
5269,3.0
5270,5.0
5271,3.0
5272,4.0
5273,3.0
5274,5.0
5275,4.0
5276,3.0
5277,4.0
5278,4.0
5279,5.0
5280,4.0
5281,4.0
5282,3.0
5283,4.0
5284,4.0
5285,4.0
5286,4.0
5287,5.0
5288,4.0
5289,4.0
5290,5.0
5291,5.0
5292,4.0
5293,5.0
5294,4.0
5295,4.0
5296,5.0
5297,4.0
5298,4.0
5299,4.0
5300,4.0
5301,4.0
5302,5.0
5303,4.0
5304,4.0
5305,3.0
5306,5.0
5307,4.0
5308,4.0
5309,5.0
5310,4.0
5311,5.0
5312,4.0
5313,4.0
5314,4.0
5315,5.0
5316,4.0
5317,4.0
5318,3.0
5319,4.0
5320,3.0
5321,5.0
5322,2.0
5323,5.0
5324,4.0
5325,4.0
5326,4.0
5327,4.0
5328,4.0
5329,4.0
5330,4.0
5331,4.0
5332,4.0
5333,4.0
5334,3.0
5335,4.0
5336,4.0
5337,5.0
5338,3.0
5339,4.0
5340,4.0
5341,4.0
5342,3.0
5343,4.0
5344,5.0
5345,4.0
5346,4.0
5347,2.0
5348,4.0
5349,4.0
5350,4.0
5351,3.0
5352,4.0
5353,4.0
5354,4.0
5355,4.0
5356,4.0
5357,4.0
5358,2.0
5359,4.0
5360,4.0
5361,4.0
5362,5.0
5363,4.0
5364,4.0
5365,5.0
5366,5.0
5367,4.0
5368,5.0
5369,5.0
5370,4.0
5371,5.0
5372,4.0
5373,4.0
5374,4.0
5375,4.0
5376,2.0
5377,4.0
5378,4.0
5379,4.0
5380,4.0
5381,3.0
5382,4.0
5383,4.0
5384,3.0
5385,2.0
5386,3.0
5387,4.0
5388,4.0
5389,2.0
5390,4.0
5391,4.0
5392,4.0
5393,4.0
5394,4.0
5395,4.0
5396,4.0
5397,5.0
5398,2.0
5399,4.0
5400,4.0
5401,4.0
5402,4.0
5403,4.0
5404,4.0
5405,4.0
5406,4.0
5407,4.0
5408,4.0
5409,4.0
5410,4.0
5411,4.0
5412,5.0
5413,5.0
5414,5.0
5415,4.0
5416,4.0
5417,3.0
5418,5.0
5419,4.0
5420,4.0
5421,3.0
5422,4.0
5423,4.0
5424,5.0
5425,5.0
5426,4.0
5427,2.0
5428,4.0
5429,4.0
5430,4.0
5431,5.0
5432,4.0
5433,4.0
5434,4.0
5435,5.0
5436,4.0
5437,4.0
5438,4.0
5439,4.0
5440,4.0
5441,4.0
5442,4.0
5443,4.0
5444,5.0
5445,5.0
5446,4.0
5447,4.0
5448,2.0
5449,4.0
5450,4.0
5451,4.0
5452,4.0
5453,4.0
5454,2.0
5455,2.0
5456,5.0
5457,4.0
5458,4.0
5459,3.0
5460,4.0
5461,4.0
5462,4.0
5463,4.0
5464,4.0
5465,4.0
5466,2.0
5467,4.0
5468,3.0
5469,3.0
5470,4.0
5471,3.0
5472,5.0
5473,3.0
5474,4.0
5475,2.0
5476,3.0
5477,4.0
5478,4.0
5479,4.0
5480,4.0
5481,2.0
5482,3.0
5483,4.0
5484,3.0
5485,4.0
5486,4.0
5487,4.0
5488,4.0
5489,1.0
5490,2.0
5491,4.0
5492,2.0
5493,2.0
5494,4.0
5495,4.0
5496,5.0
5497,3.0
5498,4.0
5499,3.0
5500,4.0
5501,3.0
5502,4.0
5503,4.0
5504,3.0
5505,4.0
5506,4.0
5507,4.0
5508,5.0
5509,4.0
5510,4.0
5511,4.0
5512,4.0
5513,4.0
5514,4.0
5515,5.0
5516,4.0
5517,4.0
5518,4.0
5519,3.0
5520,4.0
5521,4.0
5522,4.0
5523,4.0
5524,4.0
5525,4.0
5526,4.0
5527,5.0
5528,5.0
5529,4.0
5530,4.0
5531,4.0
5532,4.0
5533,5.0
5534,2.0
5535,1.0
5536,4.0
5537,5.0
5538,4.0
5539,4.0
5540,4.0
5541,4.0
5542,3.0
5543,4.0
5544,4.0
5545,4.0
5546,3.0
5547,4.0
5548,4.0
5549,4.0
5550,5.0
5551,4.0
5552,4.0
5553,5.0
5554,3.0
5555,4.0
5556,5.0
5557,4.0
5558,4.0
5559,5.0
5560,4.0
5561,5.0
5562,4.0
5563,5.0
5564,3.0
5565,5.0
5566,4.0
5567,4.0
5568,5.0
5569,4.0
5570,4.0
5571,4.0
5572,5.0
5573,4.0
5574,4.0
5575,5.0
5576,5.0
5577,5.0
5578,4.0
5579,5.0
5580,4.0
5581,4.0
5582,4.0
5583,4.0
5584,5.0
5585,3.0
5586,5.0
5587,4.0
5588,4.0
5589,4.0
5590,4.0
5591,4.0
5592,4.0
5593,4.0
5594,5.0
5595,2.0
5596,5.0
5597,5.0
5598,4.0
5599,4.0
5600,5.0
5601,4.0
5602,4.0
5603,4.0
5604,5.0
5605,4.0
5606,4.0
5607,5.0
5608,4.0
5609,3.0
5610,4.0
5611,5.0
5612,4.0
5613,4.0
5614,4.0
5615,4.0
5616,5.0
5617,4.0
5618,4.0
5619,4.0
5620,3.0
5621,5.0
5622,4.0
5623,5.0
5624,4.0
5625,4.0
5626,3.0
5627,4.0
5628,5.0
5629,4.0
5630,4.0
5631,4.0
5632,2.0
5633,3.0
5634,3.0
5635,5.0
5636,4.0
5637,4.0
5638,4.0
5639,2.0
5640,5.0
5641,3.0
5642,4.0
5643,4.0
5644,4.0
5645,3.0
5646,3.0
5647,5.0
5648,4.0
5649,4.0
5650,4.0
5651,4.0
5652,4.0
5653,3.0
5654,5.0
5655,4.0
5656,4.0
5657,5.0
5658,4.0
5659,4.0
5660,4.0
5661,4.0
5662,2.0
5663,4.0
5664,4.0
5665,4.0
5666,4.0
5667,4.0
5668,4.0
5669,4.0
5670,5.0
5671,5.0
5672,4.0
5673,4.0
5674,5.0
5675,4.0
5676,4.0
5677,4.0
5678,4.0
5679,4.0
5680,4.0
5681,5.0
5682,4.0
5683,3.0
5684,5.0
5685,4.0
5686,4.0
5687,5.0
5688,5.0
5689,4.0
5690,4.0
5691,4.0
5692,4.0
5693,5.0
5694,4.0
5695,4.0
5696,4.0
5697,5.0
5698,2.0
5699,4.0
5700,2.0
5701,5.0
5702,5.0
5703,4.0
5704,4.0
5705,4.0
5706,5.0
5707,5.0
5708,4.0
5709,4.0
5710,4.0
5711,4.0
5712,4.0
5713,4.0
5714,5.0
5715,4.0
5716,4.0
5717,5.0
5718,4.0
5719,4.0
5720,3.0
5721,4.0
5722,4.0
5723,3.0
5724,5.0
5725,4.0
5726,2.0
5727,3.0
5728,4.0
5729,4.0
5730,4.0
5731,5.0
5732,5.0
5733,4.0
5734,4.0
5735,4.0
5736,4.0
5737,4.0
5738,4.0
5739,1.0
5740,4.0
5741,4.0
5742,4.0
5743,4.0
5744,4.0
5745,4.0
5746,5.0
5747,4.0
5748,4.0
5749,5.0
5750,4.0
5751,4.0
5752,4.0
5753,4.0
5754,5.0
5755,3.0
5756,3.0
5757,3.0
5758,1.0
5759,2.0
5760,4.0
5761,5.0
5762,4.0
5763,4.0
5764,4.0
5765,4.0
5766,4.0
5767,4.0
5768,4.0
5769,4.0
5770,4.0
5771,4.0
5772,4.0
5773,4.0
5774,4.0
5775,4.0
5776,4.0
5777,3.0
5778,4.0
5779,4.0
5780,3.0
5781,4.0
5782,4.0
5783,4.0
5784,5.0
5785,4.0
5786,4.0
5787,5.0
5788,4.0
5789,4.0
5790,4.0
5791,4.0
5792,4.0
5793,4.0
5794,4.0
5795,4.0
5796,4.0
5797,4.0
5798,2.0
5799,4.0
5800,3.0
5801,4.0
5802,4.0
5803,4.0
5804,5.0
5805,4.0
5806,4.0
5807,4.0
5808,5.0
5809,4.0
5810,5.0
5811,4.0
5812,5.0
5813,3.0
5814,4.0
5815,5.0
5816,4.0
5817,4.0
5818,4.0
5819,4.0
5820,4.0
5821,4.0
5822,3.0
5823,4.0
5824,4.0
5825,4.0
5826,4.0
5827,4.0
5828,4.0
5829,5.0
5830,4.0
5831,4.0
5832,4.0
5833,4.0
5834,4.0
5835,4.0
5836,4.0
5837,4.0
5838,4.0
5839,4.0
5840,4.0
5841,5.0
5842,3.0
5843,4.0
5844,4.0
5845,4.0
5846,5.0
5847,2.0
5848,4.0
5849,5.0
5850,4.0
5851,4.0
5852,5.0
5853,4.0
5854,4.0
5855,3.0
5856,4.0
5857,3.0
5858,4.0
5859,5.0
5860,4.0
5861,4.0
5862,4.0
5863,4.0
5864,4.0
5865,4.0
5866,5.0
5867,4.0
5868,2.0
5869,4.0
5870,5.0
5871,4.0
5872,5.0
5873,4.0
5874,4.0
5875,4.0
5876,5.0
5877,3.0
5878,5.0
5879,4.0
5880,2.0
5881,4.0
5882,4.0
5883,3.0
5884,4.0
5885,4.0
5886,2.0
5887,2.0
5888,3.0
5889,4.0
5890,4.0
5891,4.0
5892,5.0
5893,4.0
5894,5.0
5895,4.0
5896,5.0
5897,5.0
5898,4.0
5899,4.0
5900,4.0
5901,4.0
5902,4.0
5903,3.0
5904,5.0
5905,2.0
5906,3.0
5907,2.0
5908,2.0
5909,4.0
5910,5.0
5911,4.0
5912,4.0
5913,4.0
5914,5.0
5915,5.0
5916,5.0
5917,4.0
5918,2.0
5919,3.0
5920,2.0
5921,4.0
5922,4.0
5923,3.0
5924,4.0
5925,4.0
5926,5.0
5927,1.0
5928,4.0
5929,4.0
5930,4.0
5931,4.0
5932,4.0
5933,4.0
5934,4.0
5935,4.0
5936,4.0
5937,2.0
5938,4.0
5939,5.0
5940,5.0
5941,4.0
5942,4.0
5943,5.0
5944,4.0
5945,4.0
5946,4.0
5947,2.0
5948,4.0
5949,5.0
5950,4.0
5951,3.0
5952,4.0
5953,5.0
5954,4.0
5955,4.0
5956,5.0
5957,4.0
5958,4.0
5959,4.0
5960,4.0
5961,4.0
5962,4.0
5963,4.0
5964,4.0
5965,4.0
5966,5.0
5967,4.0
5968,3.0
5969,5.0
5970,4.0
5971,2.0
5972,5.0
5973,4.0
5974,5.0
5975,4.0
5976,4.0
5977,3.0
5978,4.0
5979,4.0
5980,3.0
5981,4.0
5982,4.0
5983,4.0
5984,4.0
5985,4.0
5986,4.0
5987,4.0
5988,1.0
5989,4.0
5990,5.0
5991,4.0
5992,4.0
5993,4.0
5994,3.0
5995,2.0
5996,4.0
5997,4.0
5998,5.0
5999,4.0
6000,4.0
6001,4.0
6002,5.0
6003,3.0
6004,4.0
6005,4.0
6006,5.0
6007,4.0
6008,3.0
6009,5.0
6010,4.0
6011,4.0
6012,5.0
6013,4.0
6014,4.0
6015,4.0
6016,4.0
6017,4.0
6018,4.0
6019,4.0
6020,4.0
6021,4.0
6022,4.0
6023,4.0
6024,4.0
6025,5.0
6026,5.0
6027,4.0
6028,4.0
6029,4.0
6030,3.0
6031,4.0
6032,3.0
6033,4.0
6034,2.0
6035,4.0
6036,4.0
6037,4.0
6038,4.0
6039,4.0
6040,4.0
6041,4.0
6042,4.0
6043,4.0
6044,4.0
6045,5.0
6046,2.0
6047,5.0
6048,4.0
6049,4.0
6050,3.0
6051,4.0
6052,4.0
6053,4.0
6054,4.0
6055,4.0
6056,4.0
6057,4.0
6058,4.0
6059,4.0
6060,3.0
6061,5.0
6062,4.0
6063,5.0
6064,5.0
6065,4.0
6066,4.0
6067,3.0
6068,4.0
6069,4.0
6070,4.0
6071,4.0
6072,4.0
6073,4.0
6074,4.0
6075,4.0
6076,4.0
6077,4.0
6078,5.0
6079,5.0
6080,5.0
6081,5.0
6082,5.0
6083,2.0
6084,4.0
6085,4.0
6086,5.0
6087,5.0
6088,4.0
6089,3.0
6090,4.0
6091,4.0
6092,3.0
6093,4.0
6094,3.0
6095,4.0
6096,3.0
6097,4.0
6098,2.0
6099,4.0
6100,4.0
6101,4.0
6102,5.0
6103,4.0
6104,3.0
6105,4.0
6106,4.0
6107,3.0
6108,4.0
6109,4.0
6110,5.0
6111,4.0
6112,4.0
6113,4.0
6114,2.0
6115,4.0
6116,4.0
6117,4.0
6118,4.0
6119,4.0
6120,4.0
6121,5.0
6122,3.0
6123,2.0
6124,5.0
6125,4.0
6126,4.0
6127,4.0
6128,4.0
6129,5.0
6130,5.0
6131,4.0
6132,4.0
6133,2.0
6134,4.0
6135,4.0
6136,4.0
6137,4.0
6138,4.0
6139,4.0
6140,4.0
6141,3.0
6142,4.0
6143,4.0
6144,3.0
6145,3.0
6146,4.0
6147,4.0
6148,3.0
6149,5.0
6150,3.0
6151,4.0
6152,4.0
6153,5.0
6154,4.0
6155,4.0
6156,3.0
6157,4.0
6158,4.0
6159,4.0
6160,4.0
6161,5.0
6162,4.0
6163,4.0
6164,4.0
6165,4.0
6166,5.0
6167,4.0
6168,2.0
6169,4.0
6170,4.0
6171,4.0
6172,2.0
6173,5.0
6174,4.0
6175,4.0
6176,3.0
6177,5.0
6178,4.0
6179,4.0
6180,4.0
6181,2.0
6182,2.0
6183,4.0
6184,4.0
6185,4.0
6186,5.0
6187,1.0
6188,4.0
6189,4.0
6190,4.0
6191,5.0
6192,4.0
6193,2.0
6194,5.0
6195,4.0
6196,4.0
6197,4.0
6198,4.0
6199,5.0
6200,4.0
6201,5.0
6202,4.0
6203,4.0
6204,4.0
6205,4.0
6206,2.0
6207,4.0
6208,5.0
6209,3.0
6210,2.0
6211,4.0
6212,4.0
6213,5.0
6214,4.0
6215,4.0
6216,4.0
6217,3.0
6218,4.0
6219,4.0
6220,3.0
6221,4.0
6222,4.0
6223,4.0
6224,4.0
6225,5.0
6226,5.0
6227,4.0
6228,4.0
6229,4.0
6230,3.0
6231,4.0
6232,5.0
6233,5.0
6234,5.0
6235,4.0
6236,5.0
6237,1.0
6238,4.0
6239,4.0
6240,4.0
6241,5.0
6242,5.0
6243,4.0
6244,3.0
6245,4.0
6246,4.0
6247,3.0
6248,4.0
6249,4.0
6250,5.0
6251,4.0
6252,4.0
6253,4.0
6254,4.0
6255,4.0
6256,4.0
6257,4.0
6258,2.0
6259,5.0
6260,4.0
6261,4.0
6262,4.0
6263,4.0
6264,4.0
6265,4.0
6266,4.0
6267,4.0
6268,3.0
6269,4.0
6270,4.0
6271,5.0
6272,4.0
6273,4.0
6274,4.0
6275,2.0
6276,4.0
6277,5.0
6278,4.0
6279,4.0
6280,5.0
6281,4.0
6282,4.0
6283,3.0
6284,1.0
6285,5.0
6286,2.0
6287,3.0
6288,4.0
6289,4.0
6290,3.0
6291,4.0
6292,4.0
6293,4.0
6294,4.0
6295,4.0
6296,4.0
6297,4.0
6298,3.0
6299,4.0
6300,4.0
6301,3.0
6302,4.0
6303,4.0
6304,4.0
6305,5.0
6306,5.0
6307,5.0
6308,3.0
6309,4.0
6310,4.0
6311,4.0
6312,4.0
6313,4.0
6314,4.0
6315,4.0
6316,4.0
6317,5.0
6318,5.0
6319,4.0
6320,4.0
6321,2.0
6322,4.0
6323,4.0
6324,4.0
6325,4.0
6326,4.0
6327,4.0
6328,4.0
6329,4.0
6330,4.0
6331,4.0
6332,4.0
6333,4.0
6334,5.0
6335,4.0
6336,4.0
6337,4.0
6338,4.0
6339,4.0
6340,4.0
6341,3.0
6342,4.0
6343,2.0
6344,4.0
6345,4.0
6346,4.0
6347,3.0
6348,4.0
6349,4.0
6350,4.0
6351,4.0
6352,4.0
6353,4.0
6354,4.0
6355,2.0
6356,4.0
6357,4.0
6358,4.0
6359,5.0
6360,5.0
6361,4.0
6362,3.0
6363,4.0
6364,4.0
6365,4.0
6366,4.0
6367,4.0
6368,4.0
6369,4.0
6370,4.0
6371,4.0
6372,4.0
6373,4.0
6374,4.0
6375,3.0
6376,5.0
6377,4.0
6378,4.0
6379,5.0
6380,5.0
6381,4.0
6382,4.0
6383,4.0
6384,4.0
6385,4.0
6386,4.0
6387,5.0
6388,3.0
6389,5.0
6390,4.0
6391,4.0
6392,4.0
6393,4.0
6394,4.0
6395,4.0
6396,5.0
6397,4.0
6398,4.0
6399,3.0
6400,4.0
6401,4.0
6402,4.0
6403,4.0
6404,4.0
6405,5.0
6406,3.0
6407,4.0
6408,4.0
6409,4.0
6410,4.0
6411,4.0
6412,4.0
6413,4.0
6414,4.0
6415,4.0
6416,4.0
6417,4.0
6418,2.0
6419,4.0
6420,2.0
6421,3.0
6422,4.0
6423,4.0
6424,5.0
6425,4.0
6426,3.0
6427,5.0
6428,5.0
6429,2.0
6430,4.0
6431,5.0
6432,4.0
6433,4.0
6434,5.0
6435,3.0
6436,5.0
6437,4.0
6438,4.0
6439,5.0
6440,3.0
6441,3.0
6442,5.0
6443,4.0
6444,4.0
6445,4.0
6446,5.0
6447,4.0
6448,3.0
6449,4.0
6450,5.0
6451,4.0
6452,4.0
6453,4.0
6454,4.0
6455,3.0
6456,4.0
6457,4.0
6458,4.0
6459,4.0
6460,4.0
6461,4.0
6462,3.0
6463,4.0
6464,4.0
6465,5.0
6466,2.0
6467,4.0
6468,4.0
6469,5.0
6470,5.0
6471,3.0
6472,4.0
6473,4.0
6474,5.0
6475,5.0
6476,5.0
6477,5.0
6478,4.0
6479,4.0
6480,4.0
6481,3.0
6482,4.0
6483,5.0
6484,4.0
6485,5.0
6486,4.0
6487,5.0
6488,2.0
6489,4.0
6490,4.0
6491,5.0
6492,4.0
6493,4.0
6494,5.0
6495,3.0
6496,5.0
6497,5.0
6498,4.0
6499,5.0
6500,3.0
6501,4.0
6502,4.0
6503,5.0
6504,3.0
6505,4.0
6506,5.0
6507,4.0
6508,4.0
6509,5.0
6510,4.0
6511,4.0
6512,4.0
6513,4.0
6514,4.0
6515,4.0
6516,4.0
6517,4.0
6518,4.0
6519,4.0
6520,4.0
6521,3.0
6522,4.0
6523,4.0
6524,4.0
6525,4.0
6526,4.0
6527,4.0
6528,4.0
6529,2.0
6530,4.0
6531,4.0
6532,5.0
6533,4.0
6534,4.0
6535,3.0
6536,3.0
6537,4.0
6538,3.0
6539,2.0
6540,4.0
6541,1.0
6542,3.0
6543,5.0
6544,4.0
6545,4.0
6546,2.0
6547,4.0
6548,4.0
6549,3.0
6550,4.0
6551,3.0
6552,5.0
6553,5.0
6554,5.0
6555,1.0
6556,4.0
6557,4.0
6558,4.0
6559,4.0
6560,5.0
6561,4.0
6562,4.0
6563,4.0
6564,5.0
6565,4.0
6566,4.0
6567,4.0
6568,4.0
6569,2.0
6570,4.0
6571,4.0
6572,4.0
6573,4.0
6574,4.0
6575,3.0
6576,4.0
6577,4.0
6578,4.0
6579,4.0
6580,3.0
6581,3.0
6582,4.0
6583,2.0
6584,4.0
6585,4.0
6586,5.0
6587,2.0
6588,4.0
6589,4.0
6590,4.0
6591,4.0
6592,5.0
6593,4.0
6594,4.0
6595,4.0
6596,2.0
6597,2.0
6598,4.0
6599,4.0
6600,4.0
6601,4.0
6602,4.0
6603,4.0
6604,4.0
6605,3.0
6606,5.0
6607,4.0
6608,4.0
6609,4.0
6610,5.0
6611,5.0
6612,4.0
6613,4.0
6614,4.0
6615,4.0
6616,5.0
6617,4.0
6618,4.0
6619,3.0
6620,4.0
6621,1.0
6622,2.0
6623,4.0
6624,4.0
6625,4.0
6626,5.0
6627,4.0
6628,4.0
6629,3.0
6630,4.0
6631,3.0
6632,4.0
6633,4.0
6634,4.0
6635,5.0
6636,4.0
6637,4.0
6638,3.0
6639,4.0
6640,5.0
6641,4.0
6642,4.0
6643,4.0
6644,4.0
6645,4.0
6646,1.0
6647,4.0
6648,3.0
6649,4.0
6650,4.0
6651,5.0
6652,4.0
6653,4.0
6654,4.0
6655,4.0
6656,4.0
6657,4.0
6658,4.0
6659,4.0
6660,3.0
6661,4.0
6662,4.0
6663,4.0
6664,4.0
6665,4.0
6666,4.0
6667,3.0
6668,4.0
6669,3.0
6670,5.0
6671,4.0
6672,1.0
6673,4.0
6674,4.0
6675,4.0
6676,4.0
6677,5.0
6678,1.0
6679,5.0
6680,4.0
6681,5.0
6682,2.0
6683,4.0
6684,3.0
6685,5.0
6686,2.0
6687,4.0
6688,2.0
6689,4.0
6690,3.0
6691,2.0
6692,4.0
6693,5.0
6694,3.0
6695,4.0
6696,4.0
6697,4.0
6698,4.0
6699,4.0
6700,5.0
6701,4.0
6702,3.0
6703,4.0
6704,5.0
6705,5.0
6706,4.0
6707,4.0
6708,4.0
6709,5.0
6710,4.0
6711,4.0
6712,3.0
6713,4.0
6714,5.0
6715,4.0
6716,4.0
6717,4.0
6718,5.0
6719,3.0
6720,4.0
6721,4.0
6722,4.0
6723,4.0
6724,4.0
6725,4.0
6726,4.0
6727,4.0
6728,5.0
6729,4.0
6730,4.0
6731,4.0
6732,4.0
6733,4.0
6734,4.0
6735,4.0
6736,4.0
6737,4.0
6738,4.0
6739,2.0
6740,4.0
6741,4.0
6742,4.0
6743,4.0
6744,5.0
6745,5.0
6746,4.0
6747,4.0
6748,4.0
6749,4.0
6750,4.0
6751,3.0
6752,5.0
6753,4.0
6754,3.0
6755,5.0
6756,3.0
6757,4.0
6758,4.0
6759,4.0
6760,4.0
6761,4.0
6762,4.0
6763,5.0
6764,4.0
6765,5.0
6766,4.0
6767,4.0
6768,5.0
6769,4.0
6770,4.0
6771,4.0
6772,3.0
6773,4.0
6774,4.0
6775,4.0
6776,4.0
6777,5.0
6778,4.0
6779,4.0
6780,4.0
6781,3.0
6782,4.0
6783,4.0
6784,3.0
6785,4.0
6786,4.0
6787,5.0
6788,5.0
6789,4.0
6790,1.0
6791,4.0
6792,3.0
6793,5.0
6794,4.0
6795,4.0
6796,5.0
6797,4.0
6798,4.0
6799,4.0
6800,3.0
6801,4.0
6802,4.0
6803,5.0
6804,4.0
6805,4.0
6806,2.0
6807,4.0
6808,4.0
6809,4.0
6810,4.0
6811,4.0
6812,4.0
6813,5.0
6814,4.0
6815,4.0
6816,4.0
6817,4.0
6818,5.0
6819,4.0
6820,4.0
6821,2.0
6822,5.0
6823,4.0
6824,5.0
6825,4.0
6826,4.0
6827,4.0
6828,4.0
6829,4.0
6830,4.0
6831,4.0
6832,5.0
6833,4.0
6834,4.0
6835,4.0
6836,4.0
6837,4.0
6838,3.0
6839,3.0
6840,4.0
6841,4.0
6842,4.0
6843,4.0
6844,2.0
6845,4.0
6846,4.0
6847,5.0
6848,5.0
6849,2.0
6850,4.0
6851,4.0
6852,4.0
6853,4.0
6854,4.0
6855,4.0
6856,4.0
6857,4.0
6858,4.0
6859,4.0
6860,4.0
6861,4.0
6862,4.0
6863,4.0
6864,4.0
6865,4.0
6866,4.0
6867,4.0
6868,5.0
6869,4.0
6870,4.0
6871,4.0
6872,5.0
6873,3.0
6874,5.0
6875,4.0
6876,5.0
6877,4.0
6878,4.0
6879,5.0
6880,3.0
6881,4.0
6882,5.0
6883,4.0
6884,3.0
6885,5.0
6886,5.0
6887,2.0
6888,4.0
6889,4.0
6890,4.0
6891,5.0
6892,4.0
6893,3.0
6894,5.0
6895,4.0
6896,5.0
6897,4.0
6898,4.0
6899,5.0
6900,4.0
6901,4.0
6902,4.0
6903,4.0
6904,4.0
6905,4.0
6906,4.0
6907,4.0
6908,5.0
6909,4.0
6910,3.0
6911,5.0
6912,4.0
6913,3.0
6914,4.0
6915,4.0
6916,3.0
6917,5.0
6918,4.0
6919,4.0
6920,5.0
6921,5.0
6922,4.0
6923,4.0
6924,4.0
6925,4.0
6926,4.0
6927,4.0
6928,5.0
6929,3.0
6930,5.0
6931,2.0
6932,4.0
6933,4.0
6934,4.0
6935,4.0
6936,4.0
6937,5.0
6938,3.0
6939,4.0
6940,4.0
6941,5.0
6942,4.0
6943,4.0
6944,3.0
6945,3.0
6946,4.0
6947,2.0
6948,4.0
6949,4.0
6950,4.0
6951,4.0
6952,3.0
6953,5.0
6954,4.0
6955,4.0
6956,4.0
6957,2.0
6958,5.0
6959,4.0
6960,2.0
6961,2.0
6962,5.0
6963,5.0
6964,4.0
6965,4.0
6966,5.0
6967,2.0
6968,3.0
6969,5.0
6970,4.0
6971,4.0
6972,4.0
6973,4.0
6974,3.0
6975,4.0
6976,4.0
6977,4.0
6978,4.0
6979,3.0
6980,4.0
6981,4.0
6982,3.0
6983,4.0
6984,4.0
6985,4.0
6986,5.0
6987,4.0
6988,4.0
6989,2.0
6990,4.0
6991,5.0
6992,4.0
6993,4.0
6994,5.0
6995,4.0
6996,4.0
6997,4.0
6998,4.0
6999,4.0
7000,4.0
7001,4.0
7002,4.0
7003,5.0
7004,4.0
7005,2.0
7006,4.0
7007,3.0
7008,5.0
7009,4.0
7010,4.0
7011,4.0
7012,4.0
7013,4.0
7014,4.0
7015,4.0
7016,3.0
7017,4.0
7018,5.0
7019,4.0
7020,4.0
7021,4.0
7022,5.0
7023,4.0
7024,4.0
7025,5.0
7026,2.0
7027,4.0
7028,5.0
7029,5.0
7030,5.0
7031,3.0
7032,4.0
7033,4.0
7034,3.0
7035,4.0
7036,5.0
7037,4.0
7038,4.0
7039,3.0
7040,5.0
7041,4.0
7042,5.0
7043,4.0
7044,4.0
7045,3.0
7046,4.0
7047,4.0
7048,4.0
7049,4.0
7050,4.0
7051,4.0
7052,5.0
7053,5.0
7054,5.0
7055,3.0
7056,5.0
7057,5.0
7058,2.0
7059,4.0
7060,2.0
7061,4.0
7062,3.0
7063,4.0
7064,2.0
7065,5.0
7066,4.0
7067,4.0
7068,4.0
7069,5.0
7070,5.0
7071,4.0
7072,3.0
7073,4.0
7074,4.0
7075,5.0
7076,4.0
7077,4.0
7078,5.0
7079,3.0
7080,4.0
7081,4.0
7082,4.0
7083,4.0
7084,3.0
7085,4.0
7086,4.0
7087,4.0
7088,5.0
7089,3.0
7090,4.0
7091,4.0
7092,3.0
7093,2.0
7094,5.0
7095,5.0
7096,4.0
7097,3.0
7098,4.0
7099,2.0
7100,5.0
7101,4.0
7102,5.0
7103,4.0
7104,3.0
7105,4.0
7106,4.0
7107,5.0
7108,5.0
7109,4.0
7110,3.0
7111,4.0
7112,4.0
7113,5.0
7114,4.0
7115,4.0
7116,4.0
7117,4.0
7118,4.0
7119,5.0
7120,2.0
7121,4.0
7122,3.0
7123,4.0
7124,4.0
7125,4.0
7126,2.0
7127,4.0
7128,4.0
7129,3.0
7130,3.0
7131,4.0
7132,5.0
7133,4.0
7134,4.0
7135,3.0
7136,4.0
7137,4.0
7138,5.0
7139,4.0
7140,4.0
7141,3.0
7142,5.0
7143,5.0
7144,2.0
7145,3.0
7146,4.0
7147,5.0
7148,4.0
7149,4.0
7150,4.0
7151,4.0
7152,5.0
7153,4.0
7154,3.0
7155,5.0
7156,2.0
7157,4.0
7158,4.0
7159,4.0
7160,3.0
7161,4.0
7162,3.0
7163,5.0
7164,4.0
7165,4.0
7166,4.0
7167,4.0
7168,5.0
7169,5.0
7170,4.0
7171,4.0
7172,5.0
7173,5.0
7174,4.0
7175,4.0
7176,4.0
7177,5.0
7178,4.0
7179,5.0
7180,5.0
7181,4.0
7182,4.0
7183,5.0
7184,4.0
7185,5.0
7186,5.0
7187,3.0
7188,4.0
7189,4.0
7190,3.0
7191,2.0
7192,4.0
7193,3.0
7194,5.0
7195,3.0
7196,2.0
7197,4.0
7198,5.0
7199,4.0
7200,4.0
7201,4.0
7202,4.0
7203,4.0
7204,4.0
7205,4.0
7206,4.0
7207,4.0
7208,4.0
7209,3.0
7210,5.0
7211,3.0
7212,4.0
7213,5.0
7214,4.0
7215,4.0
7216,4.0
7217,4.0
7218,4.0
7219,4.0
7220,4.0
7221,4.0
7222,3.0
7223,3.0
7224,4.0
7225,4.0
7226,5.0
7227,4.0
7228,4.0
7229,4.0
7230,4.0
7231,4.0
7232,4.0
7233,5.0
7234,4.0
7235,4.0
7236,4.0
7237,5.0
7238,4.0
7239,4.0
7240,4.0
7241,4.0
7242,5.0
7243,4.0
7244,4.0
7245,5.0
7246,4.0
7247,4.0
7248,4.0
7249,5.0
7250,4.0
7251,4.0
7252,4.0
7253,5.0
7254,4.0
7255,4.0
7256,4.0
7257,4.0
7258,5.0
7259,4.0
7260,4.0
7261,3.0
7262,3.0
7263,2.0
7264,3.0
7265,5.0
7266,5.0
7267,4.0
7268,3.0
7269,5.0
7270,4.0
7271,4.0
7272,4.0
7273,3.0
7274,4.0
7275,4.0
7276,4.0
7277,4.0
7278,4.0
7279,4.0
7280,4.0
7281,4.0
7282,5.0
7283,5.0
7284,5.0
7285,3.0
7286,3.0
7287,4.0
7288,5.0
7289,2.0
7290,4.0
7291,2.0
7292,3.0
7293,4.0
7294,5.0
7295,4.0
7296,4.0
7297,4.0
7298,4.0
7299,4.0
7300,4.0
7301,4.0
7302,2.0
7303,5.0
7304,4.0
7305,4.0
7306,4.0
7307,4.0
7308,2.0
7309,5.0
7310,4.0
7311,1.0
7312,3.0
7313,4.0
7314,4.0
7315,2.0
7316,2.0
7317,4.0
7318,4.0
7319,4.0
7320,4.0
7321,4.0
7322,5.0
7323,5.0
7324,4.0
7325,4.0
7326,3.0
7327,5.0
7328,4.0
7329,5.0
7330,5.0
7331,4.0
7332,4.0
7333,2.0
7334,5.0
7335,4.0
7336,1.0
7337,4.0
7338,4.0
7339,5.0
7340,2.0
7341,5.0
7342,4.0
7343,1.0
7344,4.0
7345,4.0
7346,4.0
7347,3.0
7348,4.0
7349,4.0
7350,3.0
7351,5.0
7352,5.0
7353,4.0
7354,4.0
7355,4.0
7356,4.0
7357,4.0
7358,4.0
7359,4.0
7360,3.0
7361,4.0
7362,5.0
7363,3.0
7364,4.0
7365,4.0
7366,2.0
7367,4.0
7368,5.0
7369,4.0
7370,3.0
7371,5.0
7372,5.0
7373,4.0
7374,4.0
7375,4.0
7376,5.0
7377,4.0
7378,4.0
7379,3.0
7380,5.0
7381,4.0
7382,4.0
7383,4.0
7384,5.0
7385,5.0
7386,3.0
7387,4.0
7388,4.0
7389,4.0
7390,4.0
7391,4.0
7392,4.0
7393,5.0
7394,4.0
7395,4.0
7396,5.0
7397,4.0
7398,5.0
7399,5.0
7400,4.0
7401,4.0
7402,4.0
7403,2.0
7404,4.0
7405,4.0
7406,2.0
7407,3.0
7408,3.0
7409,4.0
7410,4.0
7411,5.0
7412,3.0
7413,4.0
7414,5.0
7415,4.0
7416,4.0
7417,4.0
7418,4.0
7419,4.0
7420,4.0
7421,4.0
7422,4.0
7423,4.0
7424,4.0
7425,4.0
7426,4.0
7427,4.0
7428,4.0
7429,5.0
7430,2.0
7431,3.0
7432,2.0
7433,4.0
7434,4.0
7435,1.0
7436,4.0
7437,3.0
7438,4.0
7439,4.0
7440,2.0
7441,4.0
7442,5.0
7443,5.0
7444,4.0
7445,4.0
7446,5.0
7447,3.0
7448,4.0
7449,4.0
7450,4.0
7451,4.0
7452,3.0
7453,4.0
7454,5.0
7455,5.0
7456,3.0
7457,4.0
7458,4.0
7459,2.0
7460,4.0
7461,4.0
7462,4.0
7463,5.0
7464,5.0
7465,4.0
7466,4.0
7467,4.0
7468,4.0
7469,4.0
7470,5.0
7471,4.0
7472,4.0
7473,4.0
7474,2.0
7475,4.0
7476,4.0
7477,4.0
7478,4.0
7479,5.0
7480,5.0
7481,5.0
7482,4.0
7483,5.0
7484,4.0
7485,4.0
7486,4.0
7487,4.0
7488,4.0
7489,4.0
7490,4.0
7491,5.0
7492,4.0
7493,4.0
7494,4.0
7495,4.0
7496,3.0
7497,3.0
7498,4.0
7499,3.0
7500,4.0
7501,4.0
7502,4.0
7503,4.0
7504,5.0
7505,4.0
7506,4.0
7507,3.0
7508,5.0
7509,4.0
7510,3.0
7511,5.0
7512,4.0
7513,5.0
7514,4.0
7515,4.0
7516,4.0
7517,4.0
7518,4.0
7519,4.0
7520,4.0
7521,3.0
7522,4.0
7523,4.0
7524,5.0
7525,4.0
7526,4.0
7527,1.0
7528,3.0
7529,4.0
7530,4.0
7531,5.0
7532,4.0
7533,5.0
7534,4.0
7535,4.0
7536,2.0
7537,4.0
7538,5.0
7539,4.0
7540,4.0
7541,5.0
7542,4.0
7543,4.0
7544,4.0
7545,4.0
7546,4.0
7547,3.0
7548,4.0
7549,5.0
7550,4.0
7551,5.0
7552,4.0
7553,4.0
7554,4.0
7555,2.0
7556,5.0
7557,2.0
7558,4.0
7559,5.0
7560,4.0
7561,2.0
7562,4.0
7563,4.0
7564,4.0
7565,5.0
7566,5.0
7567,4.0
7568,4.0
7569,4.0
7570,4.0
7571,5.0
7572,4.0
7573,4.0
7574,4.0
7575,4.0
7576,4.0
7577,2.0
7578,4.0
7579,4.0
7580,5.0
7581,4.0
7582,4.0
7583,4.0
7584,5.0
7585,4.0
7586,5.0
7587,4.0
7588,5.0
7589,3.0
7590,4.0
7591,5.0
7592,5.0
7593,4.0
7594,3.0
7595,4.0
7596,4.0
7597,3.0
7598,4.0
7599,5.0
7600,4.0
7601,4.0
7602,4.0
7603,4.0
7604,4.0
7605,4.0
7606,5.0
7607,4.0
7608,5.0
7609,2.0
7610,4.0
7611,4.0
7612,4.0
7613,4.0
7614,4.0
7615,4.0
7616,4.0
7617,5.0
7618,3.0
7619,4.0
7620,5.0
7621,4.0
7622,4.0
7623,5.0
7624,5.0
7625,4.0
7626,4.0
7627,5.0
7628,5.0
7629,4.0
7630,2.0
7631,4.0
7632,5.0
7633,4.0
7634,5.0
7635,4.0
7636,4.0
7637,5.0
7638,4.0
7639,3.0
7640,4.0
7641,4.0
7642,5.0
7643,4.0
7644,4.0
7645,4.0
7646,1.0
7647,3.0
7648,5.0
7649,4.0
7650,4.0
7651,3.0
7652,4.0
7653,5.0
7654,4.0
7655,2.0
7656,3.0
7657,4.0
7658,4.0
7659,5.0
7660,5.0
7661,4.0
7662,5.0
7663,4.0
7664,3.0
7665,4.0
7666,4.0
7667,5.0
7668,4.0
7669,5.0
7670,4.0
7671,5.0
7672,4.0
7673,4.0
7674,4.0
7675,4.0
7676,4.0
7677,4.0
7678,3.0
7679,3.0
7680,4.0
7681,4.0
7682,4.0
7683,5.0
7684,3.0
7685,5.0
7686,4.0
7687,4.0
7688,5.0
7689,5.0
7690,4.0
7691,4.0
7692,5.0
7693,4.0
7694,3.0
7695,4.0
7696,4.0
7697,5.0
7698,4.0
7699,4.0
7700,4.0
7701,4.0
7702,4.0
7703,4.0
7704,4.0
7705,4.0
7706,5.0
7707,4.0
7708,4.0
7709,4.0
7710,5.0
7711,3.0
7712,4.0
7713,4.0
7714,5.0
7715,4.0
7716,4.0
7717,5.0
7718,4.0
7719,3.0
7720,4.0
7721,4.0
7722,4.0
7723,4.0
7724,4.0
7725,4.0
7726,4.0
7727,5.0
7728,4.0
7729,4.0
7730,4.0
7731,4.0
7732,4.0
7733,5.0
7734,5.0
7735,2.0
7736,4.0
7737,4.0
7738,2.0
7739,4.0
7740,4.0
7741,3.0
7742,4.0
7743,4.0
7744,2.0
7745,5.0
7746,4.0
7747,4.0
7748,4.0
7749,4.0
7750,3.0
7751,2.0
7752,4.0
7753,4.0
7754,3.0
7755,2.0
7756,4.0
7757,5.0
7758,3.0
7759,2.0
7760,4.0
7761,4.0
7762,4.0
7763,3.0
7764,4.0
7765,5.0
7766,4.0
7767,4.0
7768,4.0
7769,4.0
7770,4.0
7771,4.0
7772,4.0
7773,5.0
7774,2.0
7775,4.0
7776,4.0
7777,4.0
7778,5.0
7779,4.0
7780,5.0
7781,4.0
7782,2.0
7783,4.0
7784,4.0
7785,4.0
7786,3.0
7787,2.0
7788,4.0
7789,4.0
7790,4.0
7791,4.0
7792,4.0
7793,4.0
7794,4.0
7795,4.0
7796,4.0
7797,4.0
7798,4.0
7799,4.0
7800,4.0
7801,4.0
7802,5.0
7803,4.0
7804,4.0
7805,5.0
7806,4.0
7807,5.0
7808,5.0
7809,4.0
7810,4.0
7811,3.0
7812,2.0
7813,4.0
7814,4.0
7815,3.0
7816,4.0
7817,4.0
7818,4.0
7819,5.0
7820,4.0
7821,4.0
7822,4.0
7823,4.0
7824,5.0
7825,4.0
7826,4.0
7827,4.0
7828,1.0
7829,4.0
7830,4.0
7831,4.0
7832,5.0
7833,4.0
7834,4.0
7835,4.0
7836,4.0
7837,4.0
7838,4.0
7839,4.0
7840,4.0
7841,4.0
7842,4.0
7843,5.0
7844,4.0
7845,2.0
7846,4.0
7847,4.0
7848,4.0
7849,4.0
7850,4.0
7851,4.0
7852,4.0
7853,5.0
7854,4.0
7855,4.0
7856,5.0
7857,4.0
7858,4.0
7859,4.0
7860,4.0
7861,4.0
7862,3.0
7863,4.0
7864,4.0
7865,2.0
7866,4.0
7867,4.0
7868,5.0
7869,4.0
7870,4.0
7871,4.0
7872,4.0
7873,4.0
7874,4.0
7875,3.0
7876,4.0
7877,5.0
7878,4.0
7879,4.0
7880,5.0
7881,5.0
7882,4.0
7883,4.0
7884,4.0
7885,4.0
7886,4.0
7887,4.0
7888,4.0
7889,5.0
7890,5.0
7891,5.0
7892,4.0
7893,4.0
7894,4.0
7895,4.0
7896,5.0
7897,4.0
7898,4.0
7899,4.0
7900,4.0
7901,3.0
7902,5.0
7903,4.0
7904,4.0
7905,4.0
7906,4.0
7907,2.0
7908,4.0
7909,4.0
7910,5.0
7911,4.0
7912,3.0
7913,4.0
7914,4.0
7915,4.0
7916,4.0
7917,4.0
7918,2.0
7919,4.0
7920,5.0
7921,4.0
7922,5.0
7923,5.0
7924,4.0
7925,4.0
7926,3.0
7927,2.0
7928,4.0
7929,4.0
7930,5.0
7931,4.0
7932,4.0
7933,4.0
7934,4.0
7935,4.0
7936,5.0
7937,4.0
7938,4.0
7939,4.0
7940,4.0
7941,4.0
7942,4.0
7943,3.0
7944,4.0
7945,4.0
7946,4.0
7947,4.0
7948,3.0
7949,5.0
7950,4.0
7951,4.0
7952,4.0
7953,5.0
7954,4.0
7955,4.0
7956,4.0
7957,4.0
7958,4.0
7959,5.0
7960,4.0
7961,3.0
7962,5.0
7963,4.0
7964,2.0
7965,4.0
7966,5.0
7967,4.0
7968,3.0
7969,4.0
7970,5.0
7971,5.0
7972,4.0
7973,4.0
7974,3.0
7975,3.0
7976,4.0
7977,3.0
7978,4.0
7979,4.0
7980,3.0
7981,5.0
7982,4.0
7983,4.0
7984,4.0
7985,1.0
7986,4.0
7987,4.0
7988,4.0
7989,4.0
7990,4.0
7991,4.0
7992,4.0
7993,4.0
7994,4.0
7995,4.0
7996,4.0
7997,4.0
7998,4.0
7999,4.0
8000,4.0
8001,2.0
8002,5.0
8003,2.0
8004,5.0
8005,4.0
8006,3.0
8007,2.0
8008,4.0
8009,4.0
8010,3.0
8011,5.0
8012,3.0
8013,4.0
8014,4.0
8015,4.0
8016,3.0
8017,3.0
8018,4.0
8019,4.0
8020,2.0
8021,3.0
8022,5.0
8023,4.0
8024,4.0
8025,4.0
8026,5.0
8027,5.0
8028,5.0
8029,3.0
8030,4.0
8031,5.0
8032,3.0
8033,3.0
8034,4.0
8035,3.0
8036,4.0
8037,3.0
8038,4.0
8039,2.0
8040,4.0
8041,4.0
8042,5.0
8043,4.0
8044,4.0
8045,1.0
8046,4.0
8047,5.0
8048,4.0
8049,5.0
8050,5.0
8051,3.0
8052,2.0
8053,4.0
8054,4.0
8055,3.0
8056,3.0
8057,4.0
8058,4.0
8059,1.0
8060,4.0
8061,4.0
8062,2.0
8063,4.0
8064,3.0
8065,5.0
8066,4.0
8067,4.0
8068,4.0
8069,4.0
8070,5.0
8071,4.0
8072,4.0
8073,5.0
8074,4.0
8075,5.0
8076,4.0
8077,4.0
8078,4.0
8079,2.0
8080,3.0
8081,4.0
8082,5.0
8083,4.0
8084,4.0
8085,4.0
8086,4.0
8087,4.0
8088,4.0
8089,5.0
8090,4.0
8091,4.0
8092,5.0
8093,2.0
8094,5.0
8095,4.0
8096,4.0
8097,4.0
8098,4.0
8099,4.0
8100,3.0
8101,4.0
8102,4.0
8103,4.0
8104,4.0
8105,4.0
8106,4.0
8107,4.0
8108,4.0
8109,4.0
8110,4.0
8111,4.0
8112,4.0
8113,4.0
8114,3.0
8115,4.0
8116,5.0
8117,4.0
8118,4.0
8119,2.0
8120,4.0
8121,3.0
8122,4.0
8123,3.0
8124,5.0
8125,2.0
8126,4.0
8127,4.0
8128,3.0
8129,4.0
8130,5.0
8131,5.0
8132,5.0
8133,1.0
8134,4.0
8135,4.0
8136,4.0
8137,4.0
8138,4.0
8139,4.0
8140,2.0
8141,4.0
8142,3.0
8143,4.0
8144,3.0
8145,4.0
8146,4.0
8147,4.0
8148,4.0
8149,5.0
8150,4.0
8151,5.0
8152,4.0
8153,4.0
8154,5.0
8155,4.0
8156,5.0
8157,4.0
8158,4.0
8159,4.0
8160,4.0
8161,3.0
8162,4.0
8163,4.0
8164,4.0
8165,5.0
8166,4.0
8167,4.0
8168,4.0
8169,4.0
8170,4.0
8171,4.0
8172,4.0
8173,4.0
8174,5.0
8175,4.0
8176,3.0
8177,4.0
8178,3.0
8179,4.0
8180,3.0
8181,4.0
8182,4.0
8183,4.0
8184,4.0
8185,4.0
8186,4.0
8187,4.0
8188,4.0
8189,4.0
8190,4.0
8191,4.0
8192,5.0
8193,2.0
8194,4.0
8195,4.0
8196,4.0
8197,4.0
8198,3.0
8199,2.0
8200,4.0
8201,5.0
8202,4.0
8203,4.0
8204,3.0
8205,4.0
8206,4.0
8207,3.0
8208,5.0
8209,5.0
8210,4.0
8211,5.0
8212,5.0
8213,3.0
8214,4.0
8215,4.0
8216,3.0
8217,3.0
8218,5.0
8219,5.0
8220,4.0
8221,2.0
8222,4.0
8223,4.0
8224,3.0
8225,4.0
8226,3.0
8227,4.0
8228,4.0
8229,4.0
8230,4.0
8231,4.0
8232,4.0
8233,5.0
8234,5.0
8235,4.0
8236,4.0
8237,4.0
8238,4.0
8239,4.0
8240,5.0
8241,4.0
8242,4.0
8243,4.0
8244,5.0
8245,4.0
8246,4.0
8247,4.0
8248,4.0
8249,4.0
8250,4.0
8251,4.0
8252,5.0
8253,5.0
8254,4.0
8255,4.0
8256,4.0
8257,5.0
8258,4.0
8259,4.0
8260,4.0
8261,3.0
8262,2.0
8263,4.0
8264,4.0
8265,3.0
8266,4.0
8267,4.0
8268,5.0
8269,4.0
8270,5.0
8271,4.0
8272,4.0
8273,4.0
8274,4.0
8275,3.0
8276,4.0
8277,3.0
8278,3.0
8279,4.0
8280,4.0
8281,4.0
8282,4.0
8283,4.0
8284,3.0
8285,2.0
8286,4.0
8287,4.0
8288,3.0
8289,4.0
8290,4.0
8291,4.0
8292,3.0
8293,4.0
8294,1.0
8295,4.0
8296,4.0
8297,2.0
8298,4.0
8299,3.0
8300,3.0
8301,4.0
8302,5.0
8303,2.0
8304,3.0
8305,4.0
8306,4.0
8307,5.0
8308,5.0
8309,4.0
8310,4.0
8311,4.0
8312,3.0
8313,4.0
8314,3.0
8315,4.0
8316,4.0
8317,5.0
8318,4.0
8319,4.0
8320,1.0
8321,4.0
8322,3.0
8323,4.0
8324,4.0
8325,4.0
8326,4.0
8327,4.0
8328,4.0
8329,4.0
8330,4.0
8331,4.0
8332,4.0
8333,4.0
8334,2.0
8335,4.0
8336,4.0
8337,4.0
8338,5.0
8339,4.0
8340,4.0
8341,4.0
8342,4.0
8343,3.0
8344,4.0
8345,4.0
8346,4.0
8347,4.0
8348,5.0
8349,4.0
8350,3.0
8351,2.0
8352,4.0
8353,4.0
8354,1.0
8355,4.0
8356,4.0
8357,4.0
8358,5.0
8359,2.0
8360,4.0
8361,4.0
8362,5.0
8363,3.0
8364,4.0
8365,4.0
8366,4.0
8367,3.0
8368,4.0
8369,4.0
8370,2.0
8371,4.0
8372,4.0
8373,4.0
8374,3.0
8375,4.0
8376,4.0
8377,4.0
8378,5.0
8379,5.0
8380,5.0
8381,3.0
8382,3.0
8383,5.0
8384,4.0
8385,4.0
8386,5.0
8387,5.0
8388,5.0
8389,4.0
8390,2.0
8391,4.0
8392,3.0
8393,4.0
8394,4.0
8395,5.0
8396,4.0
8397,4.0
8398,4.0
8399,2.0
8400,4.0
8401,4.0
8402,4.0
8403,4.0
8404,4.0
8405,3.0
8406,4.0
8407,4.0
8408,4.0
8409,4.0
8410,4.0
8411,4.0
8412,3.0
8413,5.0
8414,4.0
8415,5.0
8416,3.0
8417,4.0
8418,5.0
8419,2.0
8420,4.0
8421,4.0
8422,4.0
8423,4.0
8424,4.0
8425,5.0
8426,4.0
8427,2.0
8428,4.0
8429,4.0
8430,5.0
8431,4.0
8432,4.0
8433,5.0
8434,2.0
8435,4.0
8436,4.0
8437,4.0
8438,2.0
8439,4.0
8440,4.0
8441,4.0
8442,4.0
8443,4.0
8444,4.0
8445,5.0
8446,5.0
8447,3.0
8448,4.0
8449,4.0
8450,4.0
8451,5.0
8452,5.0
8453,4.0
8454,4.0
8455,4.0
8456,2.0
8457,5.0
8458,4.0
8459,4.0
8460,3.0
8461,4.0
8462,4.0
8463,3.0
8464,4.0
8465,3.0
8466,3.0
8467,5.0
8468,5.0
8469,4.0
8470,4.0
8471,5.0
8472,5.0
8473,4.0
8474,5.0
8475,5.0
8476,4.0
8477,3.0
8478,5.0
8479,5.0
8480,4.0
8481,3.0
8482,4.0
8483,4.0
8484,4.0
8485,4.0
8486,4.0
8487,4.0
8488,4.0
8489,4.0
8490,4.0
8491,4.0
8492,3.0
8493,4.0
8494,5.0
8495,4.0
8496,4.0
8497,5.0
8498,4.0
8499,4.0
8500,1.0
8501,4.0
8502,4.0
8503,4.0
8504,4.0
8505,5.0
8506,4.0
8507,4.0
8508,4.0
8509,4.0
8510,4.0
8511,3.0
8512,3.0
8513,4.0
8514,4.0
8515,4.0
8516,4.0
8517,4.0
8518,4.0
8519,4.0
8520,4.0
8521,4.0
8522,4.0
8523,5.0
8524,4.0
8525,5.0
8526,4.0
8527,5.0
8528,4.0
8529,4.0
8530,3.0
8531,4.0
8532,4.0
8533,4.0
8534,4.0
8535,5.0
8536,4.0
8537,4.0
8538,4.0
8539,4.0
8540,4.0
8541,4.0
8542,4.0
8543,5.0
8544,4.0
8545,5.0
8546,4.0
8547,4.0
8548,5.0
8549,4.0
8550,4.0
8551,4.0
8552,4.0
8553,5.0
8554,5.0
8555,4.0
8556,4.0
8557,4.0
8558,3.0
8559,4.0
8560,5.0
8561,5.0
8562,2.0
8563,1.0
8564,4.0
8565,4.0
8566,4.0
8567,4.0
8568,4.0
8569,4.0
8570,4.0
8571,3.0
8572,4.0
8573,5.0
8574,4.0
8575,4.0
8576,4.0
8577,4.0
8578,4.0
8579,2.0
8580,3.0
8581,4.0
8582,4.0
8583,5.0
8584,4.0
8585,4.0
8586,5.0
8587,5.0
8588,4.0
8589,1.0
8590,5.0
8591,4.0
8592,4.0
8593,3.0
8594,4.0
8595,4.0
8596,3.0
8597,4.0
8598,4.0
8599,4.0
8600,4.0
8601,4.0
8602,3.0
8603,4.0
8604,4.0
8605,4.0
8606,4.0
8607,5.0
8608,4.0
8609,2.0
8610,4.0
8611,2.0
8612,4.0
8613,5.0
8614,5.0
8615,3.0
8616,4.0
8617,4.0
8618,5.0
8619,3.0
8620,4.0
8621,4.0
8622,4.0
8623,5.0
8624,2.0
8625,4.0
8626,3.0
8627,4.0
8628,4.0
8629,5.0
8630,4.0
8631,4.0
8632,3.0
8633,4.0
8634,4.0
8635,4.0
8636,2.0
8637,4.0
8638,5.0
8639,4.0
8640,4.0
8641,3.0
8642,4.0
8643,4.0
8644,3.0
8645,4.0
8646,4.0
8647,4.0
8648,5.0
8649,5.0
8650,3.0
8651,3.0
8652,4.0
8653,4.0
8654,5.0
8655,4.0
8656,3.0
8657,3.0
8658,4.0
8659,4.0
8660,4.0
8661,5.0
8662,4.0
8663,4.0
8664,4.0
8665,4.0
8666,3.0
8667,4.0
8668,3.0
8669,4.0
8670,4.0
8671,5.0
8672,1.0
8673,4.0
8674,4.0
8675,4.0
8676,5.0
8677,4.0
8678,4.0
8679,5.0
8680,4.0
8681,5.0
8682,4.0
8683,4.0
8684,1.0
8685,5.0
8686,4.0
8687,4.0
8688,4.0
8689,3.0
8690,4.0
8691,3.0
8692,4.0
8693,4.0
8694,4.0
8695,4.0
8696,3.0
8697,4.0
8698,4.0
8699,4.0
8700,4.0
8701,2.0
8702,4.0
8703,4.0
8704,4.0
8705,4.0
8706,4.0
8707,5.0
8708,4.0
8709,4.0
8710,4.0
8711,4.0
8712,4.0
8713,4.0
8714,5.0
8715,4.0
8716,4.0
8717,4.0
8718,4.0
8719,4.0
8720,5.0
8721,4.0
8722,5.0
8723,4.0
8724,4.0
8725,3.0
8726,5.0
8727,4.0
8728,4.0
8729,4.0
8730,4.0
8731,4.0
8732,5.0
8733,4.0
8734,3.0
8735,4.0
8736,1.0
8737,4.0
8738,4.0
8739,5.0
8740,5.0
8741,4.0
8742,4.0
8743,2.0
8744,4.0
8745,5.0
8746,4.0
8747,4.0
8748,4.0
8749,5.0
8750,4.0
8751,4.0
8752,4.0
8753,5.0
8754,4.0
8755,4.0
8756,4.0
8757,3.0
8758,4.0
8759,5.0
8760,4.0
8761,4.0
8762,4.0
8763,3.0
8764,4.0
8765,4.0
8766,1.0
8767,4.0
8768,4.0
8769,4.0
8770,5.0
8771,4.0
8772,5.0
8773,5.0
8774,4.0
8775,4.0
8776,4.0
8777,1.0
8778,3.0
8779,5.0
8780,2.0
8781,4.0
8782,3.0
8783,4.0
8784,4.0
8785,5.0
8786,4.0
8787,5.0
8788,2.0
8789,4.0
8790,5.0
8791,4.0
8792,4.0
8793,2.0
8794,4.0
8795,4.0
8796,4.0
8797,4.0
8798,2.0
8799,4.0
8800,3.0
8801,4.0
8802,5.0
8803,4.0
8804,5.0
8805,4.0
8806,4.0
8807,4.0
8808,4.0
8809,3.0
8810,4.0
8811,4.0
8812,4.0
8813,1.0
8814,4.0
8815,4.0
8816,5.0
8817,4.0
8818,4.0
8819,5.0
8820,3.0
8821,4.0
8822,4.0
8823,5.0
8824,3.0
8825,4.0
8826,4.0
8827,4.0
8828,4.0
8829,4.0
8830,2.0
8831,4.0
8832,4.0
8833,4.0
8834,4.0
8835,5.0
8836,2.0
8837,4.0
8838,4.0
8839,4.0
8840,4.0
8841,4.0
8842,3.0
8843,4.0
8844,5.0
8845,4.0
8846,4.0
8847,2.0
8848,4.0
8849,5.0
8850,4.0
8851,4.0
8852,4.0
8853,4.0
8854,4.0
8855,4.0
8856,3.0
8857,4.0
8858,4.0
8859,4.0
8860,4.0
8861,4.0
8862,3.0
8863,5.0
8864,4.0
8865,5.0
8866,3.0
8867,4.0
8868,4.0
8869,3.0
8870,4.0
8871,4.0
8872,4.0
8873,4.0
8874,5.0
8875,4.0
8876,4.0
8877,4.0
8878,2.0
8879,4.0
8880,4.0
8881,4.0
8882,4.0
8883,3.0
8884,4.0
8885,4.0
8886,4.0
8887,3.0
8888,5.0
8889,5.0
8890,4.0
8891,5.0
8892,3.0
8893,4.0
8894,4.0
8895,4.0
8896,2.0
8897,4.0
8898,4.0
8899,4.0
8900,3.0
8901,4.0
8902,4.0
8903,2.0
8904,5.0
8905,4.0
8906,5.0
8907,3.0
8908,4.0
8909,3.0
8910,4.0
8911,3.0
8912,5.0
8913,4.0
8914,5.0
8915,4.0
8916,5.0
8917,4.0
8918,4.0
8919,4.0
8920,4.0
8921,4.0
8922,5.0
8923,4.0
8924,4.0
8925,3.0
8926,4.0
8927,4.0
8928,2.0
8929,4.0
8930,5.0
8931,4.0
8932,3.0
8933,4.0
8934,4.0
8935,4.0
8936,4.0
8937,5.0
8938,3.0
8939,4.0
8940,3.0
8941,3.0
8942,5.0
8943,4.0
8944,4.0
8945,5.0
8946,4.0
8947,3.0
8948,4.0
8949,3.0
8950,4.0
8951,4.0
8952,4.0
8953,4.0
8954,4.0
8955,3.0
8956,4.0
8957,5.0
8958,4.0
8959,4.0
8960,4.0
8961,4.0
8962,3.0
8963,4.0
8964,5.0
8965,5.0
8966,3.0
8967,2.0
8968,3.0
8969,5.0
8970,5.0
8971,3.0
8972,3.0
8973,5.0
8974,4.0
8975,5.0
8976,4.0
8977,3.0
8978,4.0
8979,4.0
8980,5.0
8981,5.0
8982,4.0
8983,4.0
8984,4.0
8985,4.0
8986,4.0
8987,4.0
8988,4.0
8989,4.0
8990,4.0
8991,4.0
8992,5.0
8993,3.0
8994,4.0
8995,4.0
8996,3.0
8997,4.0
8998,4.0
8999,4.0
9000,4.0
9001,4.0
9002,4.0
9003,3.0
9004,4.0
9005,4.0
9006,1.0
9007,4.0
9008,2.0
9009,4.0
9010,4.0
9011,4.0
9012,4.0
9013,4.0
9014,4.0
9015,4.0
9016,4.0
9017,4.0
9018,5.0
9019,5.0
9020,2.0
9021,3.0
9022,4.0
9023,3.0
9024,5.0
9025,4.0
9026,4.0
9027,5.0
9028,5.0
9029,4.0
9030,4.0
9031,2.0
9032,4.0
9033,4.0
9034,4.0
9035,4.0
9036,3.0
9037,4.0
9038,4.0
9039,4.0
9040,4.0
9041,4.0
9042,5.0
9043,2.0
9044,4.0
9045,4.0
9046,4.0
9047,2.0
9048,5.0
9049,4.0
9050,3.0
9051,4.0
9052,4.0
9053,4.0
9054,3.0
9055,4.0
9056,4.0
9057,4.0
9058,3.0
9059,4.0
9060,4.0
9061,1.0
9062,5.0
9063,4.0
9064,4.0
9065,4.0
9066,4.0
9067,3.0
9068,5.0
9069,4.0
9070,4.0
9071,2.0
9072,4.0
9073,4.0
9074,5.0
9075,3.0
9076,3.0
9077,4.0
9078,4.0
9079,4.0
9080,5.0
9081,4.0
9082,5.0
9083,5.0
9084,4.0
9085,4.0
9086,5.0
9087,4.0
9088,4.0
9089,2.0
9090,5.0
9091,4.0
9092,4.0
9093,4.0
9094,2.0
9095,4.0
9096,5.0
9097,3.0
9098,4.0
9099,3.0
9100,4.0
9101,4.0
9102,5.0
9103,4.0
9104,4.0
9105,4.0
9106,4.0
9107,4.0
9108,4.0
9109,5.0
9110,4.0
9111,4.0
9112,5.0
9113,4.0
9114,4.0
9115,4.0
9116,4.0
9117,4.0
9118,5.0
9119,5.0
9120,4.0
9121,4.0
9122,4.0
9123,5.0
9124,5.0
9125,4.0
9126,4.0
9127,5.0
9128,4.0
9129,5.0
9130,4.0
9131,4.0
9132,4.0
9133,5.0
9134,5.0
9135,5.0
9136,4.0
9137,4.0
9138,4.0
9139,4.0
9140,4.0
9141,4.0
9142,3.0
9143,5.0
9144,3.0
9145,4.0
9146,4.0
9147,4.0
9148,5.0
9149,4.0
9150,4.0
9151,4.0
9152,4.0
9153,4.0
9154,5.0
9155,5.0
9156,4.0
9157,4.0
9158,3.0
9159,3.0
9160,4.0
9161,5.0
9162,4.0
9163,3.0
9164,4.0
9165,3.0
9166,4.0
9167,4.0
9168,2.0
9169,4.0
9170,5.0
9171,5.0
9172,4.0
9173,4.0
9174,4.0
9175,1.0
9176,3.0
9177,5.0
9178,4.0
9179,4.0
9180,4.0
9181,4.0
9182,5.0
9183,4.0
9184,4.0
9185,4.0
9186,3.0
9187,4.0
9188,4.0
9189,5.0
9190,4.0
9191,5.0
9192,4.0
9193,5.0
9194,4.0
9195,4.0
9196,4.0
9197,4.0
9198,2.0
9199,4.0
9200,4.0
9201,4.0
9202,3.0
9203,5.0
9204,5.0
9205,5.0
9206,3.0
9207,4.0
9208,5.0
9209,4.0
9210,4.0
9211,5.0
9212,4.0
9213,4.0
9214,5.0
9215,4.0
9216,4.0
9217,4.0
9218,4.0
9219,4.0
9220,4.0
9221,4.0
9222,4.0
9223,4.0
9224,4.0
9225,2.0
9226,4.0
9227,4.0
9228,2.0
9229,5.0
9230,3.0
9231,4.0
9232,4.0
9233,5.0
9234,4.0
9235,3.0
9236,2.0
9237,4.0
9238,4.0
9239,4.0
9240,4.0
9241,4.0
9242,4.0
9243,5.0
9244,2.0
9245,4.0
9246,4.0
9247,4.0
9248,2.0
9249,4.0
9250,4.0
9251,4.0
9252,4.0
9253,4.0
9254,3.0
9255,4.0
9256,2.0
9257,4.0
9258,4.0
9259,5.0
9260,4.0
9261,4.0
9262,4.0
9263,4.0
9264,5.0
9265,4.0
9266,3.0
9267,4.0
9268,5.0
9269,4.0
9270,4.0
9271,4.0
9272,4.0
9273,1.0
9274,4.0
9275,4.0
9276,4.0
9277,4.0
9278,4.0
9279,3.0
9280,5.0
9281,4.0
9282,4.0
9283,3.0
9284,5.0
9285,5.0
9286,4.0
9287,4.0
9288,4.0
9289,3.0
9290,5.0
9291,4.0
9292,4.0
9293,4.0
9294,4.0
9295,5.0
9296,4.0
9297,5.0
9298,4.0
9299,4.0
9300,4.0
9301,3.0
9302,4.0
9303,3.0
9304,4.0
9305,4.0
9306,2.0
9307,5.0
9308,4.0
9309,4.0
9310,3.0
9311,4.0
9312,5.0
9313,4.0
9314,4.0
9315,4.0
9316,4.0
9317,5.0
9318,4.0
9319,4.0
9320,4.0
9321,4.0
9322,2.0
9323,4.0
9324,4.0
9325,2.0
9326,4.0
9327,4.0
9328,4.0
9329,3.0
9330,4.0
9331,4.0
9332,5.0
9333,4.0
9334,4.0
9335,4.0
9336,4.0
9337,4.0
9338,5.0
9339,5.0
9340,4.0
9341,4.0
9342,4.0
9343,3.0
9344,4.0
9345,4.0
9346,3.0
9347,3.0
9348,3.0
9349,5.0
9350,4.0
9351,3.0
9352,5.0
9353,4.0
9354,4.0
9355,4.0
9356,4.0
9357,4.0
9358,3.0
9359,5.0
9360,5.0
9361,4.0
9362,4.0
9363,4.0
9364,4.0
9365,2.0
9366,3.0
9367,4.0
9368,2.0
9369,4.0
9370,5.0
9371,4.0
9372,5.0
9373,5.0
9374,3.0
9375,3.0
9376,4.0
9377,4.0
9378,2.0
9379,3.0
9380,3.0
9381,4.0
9382,4.0
9383,5.0
9384,4.0
9385,4.0
9386,5.0
9387,4.0
9388,4.0
9389,4.0
9390,5.0
9391,3.0
9392,5.0
9393,5.0
9394,5.0
9395,4.0
9396,4.0
9397,2.0
9398,4.0
9399,3.0
9400,4.0
9401,4.0
9402,4.0
9403,4.0
9404,4.0
9405,5.0
9406,4.0
9407,5.0
9408,4.0
9409,3.0
9410,4.0
9411,4.0
9412,4.0
9413,4.0
9414,4.0
9415,4.0
9416,4.0
9417,4.0
9418,5.0
9419,4.0
9420,4.0
9421,4.0
9422,2.0
9423,4.0
9424,1.0
9425,5.0
9426,3.0
9427,4.0
9428,4.0
9429,4.0
9430,3.0
9431,5.0
9432,5.0
9433,4.0
9434,4.0
9435,4.0
9436,5.0
9437,4.0
9438,4.0
9439,3.0
9440,4.0
9441,5.0
9442,4.0
9443,4.0
9444,3.0
9445,4.0
9446,2.0
9447,4.0
9448,4.0
9449,4.0
9450,5.0
9451,2.0
9452,4.0
9453,4.0
9454,4.0
9455,5.0
9456,3.0
9457,2.0
9458,4.0
9459,5.0
9460,4.0
9461,4.0
9462,4.0
9463,4.0
9464,5.0
9465,4.0
9466,4.0
9467,5.0
9468,5.0
9469,4.0
9470,4.0
9471,3.0
9472,4.0
9473,4.0
9474,4.0
9475,4.0
9476,4.0
9477,2.0
9478,4.0
9479,5.0
9480,4.0
9481,4.0
9482,4.0
9483,4.0
9484,4.0
9485,4.0
9486,2.0
9487,4.0
9488,5.0
9489,4.0
9490,2.0
9491,4.0
9492,4.0
9493,4.0
9494,3.0
9495,4.0
9496,4.0
9497,4.0
9498,4.0
9499,4.0
9500,4.0
9501,5.0
9502,4.0
9503,2.0
9504,3.0
9505,4.0
9506,5.0
9507,4.0
9508,4.0
9509,4.0
9510,4.0
9511,4.0
9512,4.0
9513,4.0
9514,4.0
9515,2.0
9516,3.0
9517,4.0
9518,4.0
9519,3.0
9520,4.0
9521,5.0
9522,4.0
9523,4.0
9524,4.0
9525,4.0
9526,4.0
9527,4.0
9528,3.0
9529,5.0
9530,4.0
9531,4.0
9532,5.0
9533,3.0
9534,5.0
9535,4.0
9536,5.0
9537,3.0
9538,2.0
9539,4.0
9540,3.0
9541,4.0
9542,3.0
9543,4.0
9544,5.0
9545,4.0
9546,4.0
9547,4.0
9548,4.0
9549,4.0
9550,4.0
9551,3.0
9552,4.0
9553,4.0
9554,5.0
9555,3.0
9556,3.0
9557,4.0
9558,4.0
9559,4.0
9560,5.0
9561,4.0
9562,4.0
9563,4.0
9564,4.0
9565,1.0
9566,4.0
9567,4.0
9568,1.0
9569,3.0
9570,2.0
9571,4.0
9572,4.0
9573,5.0
9574,5.0
9575,4.0
9576,2.0
9577,4.0
9578,3.0
9579,4.0
9580,4.0
9581,4.0
9582,4.0
9583,5.0
9584,2.0
9585,4.0
9586,4.0
9587,3.0
9588,4.0
9589,4.0
9590,4.0
9591,2.0
9592,4.0
9593,4.0
9594,4.0
9595,5.0
9596,3.0
9597,4.0
9598,4.0
9599,4.0
9600,4.0
9601,4.0
9602,4.0
9603,4.0
9604,2.0
9605,4.0
9606,4.0
9607,4.0
9608,4.0
9609,4.0
9610,4.0
9611,4.0
9612,5.0
9613,3.0
9614,5.0
9615,4.0
9616,3.0
9617,4.0
9618,1.0
9619,4.0
9620,5.0
9621,4.0
9622,4.0
9623,4.0
9624,4.0
9625,4.0
9626,3.0
9627,5.0
9628,5.0
9629,3.0
9630,4.0
9631,5.0
9632,4.0
9633,3.0
9634,4.0
9635,4.0
9636,4.0
9637,5.0
9638,4.0
9639,3.0
9640,4.0
9641,2.0
9642,5.0
9643,4.0
9644,4.0
9645,4.0
9646,4.0
9647,4.0
9648,5.0
9649,5.0
9650,5.0
9651,4.0
9652,3.0
9653,5.0
9654,3.0
9655,4.0
9656,4.0
9657,4.0
9658,3.0
9659,4.0
9660,4.0
9661,3.0
9662,4.0
9663,4.0
9664,4.0
9665,4.0
9666,5.0
9667,4.0
9668,4.0
9669,4.0
9670,3.0
9671,3.0
9672,4.0
9673,3.0
9674,4.0
9675,4.0
9676,3.0
9677,4.0
9678,5.0
9679,4.0
9680,5.0
9681,5.0
9682,4.0
9683,4.0
9684,4.0
9685,3.0
9686,5.0
9687,4.0
9688,4.0
9689,5.0
9690,4.0
9691,3.0
9692,4.0
9693,2.0
9694,4.0
9695,4.0
9696,5.0
9697,4.0
9698,4.0
9699,4.0
9700,4.0
9701,3.0
9702,4.0
9703,4.0
9704,4.0
9705,4.0
9706,5.0
9707,4.0
9708,3.0
9709,3.0
9710,3.0
9711,4.0
9712,3.0
9713,4.0
9714,4.0
9715,3.0
9716,4.0
9717,4.0
9718,3.0
9719,4.0
9720,4.0
9721,4.0
9722,5.0
9723,5.0
9724,2.0
9725,4.0
9726,3.0
9727,5.0
9728,4.0
9729,2.0
9730,4.0
9731,4.0
9732,4.0
9733,4.0
9734,4.0
9735,4.0
9736,4.0
9737,4.0
9738,5.0
9739,5.0
9740,2.0
9741,5.0
9742,5.0
9743,4.0
9744,4.0
9745,3.0
9746,4.0
9747,4.0
9748,4.0
9749,5.0
9750,4.0
9751,4.0
9752,4.0
9753,5.0
9754,4.0
9755,3.0
9756,5.0
9757,4.0
9758,4.0
9759,5.0
9760,4.0
9761,4.0
9762,4.0
9763,4.0
9764,4.0
9765,3.0
9766,3.0
9767,3.0
9768,5.0
9769,4.0
9770,4.0
9771,5.0
9772,4.0
9773,4.0
9774,4.0
9775,4.0
9776,4.0
9777,4.0
9778,5.0
9779,4.0
9780,2.0
9781,4.0
9782,4.0
9783,4.0
9784,5.0
9785,4.0
9786,4.0
9787,2.0
9788,4.0
9789,2.0
9790,4.0
9791,3.0
9792,4.0
9793,4.0
9794,4.0
9795,4.0
9796,4.0
9797,2.0
9798,4.0
9799,4.0
9800,5.0
9801,4.0
9802,5.0
9803,4.0
9804,4.0
9805,4.0
9806,3.0
9807,4.0
9808,4.0
9809,4.0
9810,4.0
9811,3.0
9812,4.0
9813,5.0
9814,5.0
9815,5.0
9816,3.0
9817,4.0
9818,5.0
9819,4.0
9820,5.0
9821,4.0
9822,1.0
9823,2.0
9824,4.0
9825,4.0
9826,2.0
9827,4.0
9828,3.0
9829,4.0
9830,2.0
9831,4.0
9832,4.0
9833,5.0
9834,4.0
9835,3.0
9836,4.0
9837,5.0
9838,5.0
9839,3.0
9840,4.0
9841,4.0
9842,4.0
9843,2.0
9844,4.0
9845,4.0
9846,4.0
9847,2.0
9848,4.0
9849,4.0
9850,3.0
9851,4.0
9852,3.0
9853,4.0
9854,4.0
9855,4.0
9856,2.0
9857,4.0
9858,4.0
9859,4.0
9860,2.0
9861,4.0
9862,4.0
9863,4.0
9864,4.0
9865,4.0
9866,4.0
9867,1.0
9868,3.0
9869,5.0
9870,5.0
9871,5.0
9872,4.0
9873,4.0
9874,4.0
9875,4.0
9876,3.0
9877,5.0
9878,5.0
9879,5.0
9880,2.0
9881,3.0
9882,4.0
9883,4.0
9884,4.0
9885,4.0
9886,4.0
9887,4.0
9888,4.0
9889,4.0
9890,4.0
9891,4.0
9892,4.0
9893,4.0
9894,5.0
9895,5.0
9896,4.0
9897,4.0
9898,3.0
9899,3.0
9900,4.0
9901,4.0
9902,4.0
9903,2.0
9904,5.0
9905,5.0
9906,2.0
9907,4.0
9908,5.0
9909,4.0
9910,5.0
9911,4.0
9912,4.0
9913,5.0
9914,4.0
9915,2.0
9916,4.0
9917,4.0
9918,4.0
9919,3.0
9920,4.0
9921,4.0
9922,5.0
9923,4.0
9924,2.0
9925,4.0
9926,4.0
9927,5.0
9928,4.0
9929,4.0
9930,4.0
9931,4.0
9932,4.0
9933,4.0
9934,4.0
9935,4.0
9936,4.0
9937,2.0
9938,5.0
9939,4.0
9940,4.0
9941,5.0
9942,4.0
9943,4.0
9944,5.0
9945,3.0
9946,4.0
9947,4.0
9948,4.0
9949,4.0
9950,3.0
9951,5.0
9952,5.0
9953,4.0
9954,5.0
9955,4.0
9956,4.0
9957,2.0
9958,4.0
9959,4.0
9960,4.0
9961,4.0
9962,5.0
9963,5.0
9964,4.0
9965,2.0
9966,4.0
9967,4.0
9968,5.0
9969,4.0
9970,4.0
9971,3.0
9972,4.0
9973,3.0
9974,4.0
9975,3.0
9976,4.0
9977,3.0
9978,4.0
9979,4.0
9980,4.0
9981,4.0
9982,1.0
9983,5.0
9984,3.0
9985,4.0
9986,4.0
9987,3.0
9988,4.0
9989,4.0
9990,4.0
9991,5.0
9992,4.0
9993,4.0
9994,3.0
9995,5.0
9996,2.0
9997,4.0
9998,4.0
9999,4.0
